-- phpMyAdmin SQL Dump
-- version 5.2.1
-- https://www.phpmyadmin.net/
--
-- Εξυπηρετητής: 127.0.0.1
-- Χρόνος δημιουργίας: 23 Μάη 2024 στις 02:19:54
-- Έκδοση διακομιστή: 10.4.32-MariaDB
-- Έκδοση PHP: 8.2.12

SET SQL_MODE = "NO_AUTO_VALUE_ON_ZERO";
START TRANSACTION;
SET time_zone = "+00:00";


/*!40101 SET @OLD_CHARACTER_SET_CLIENT=@@CHARACTER_SET_CLIENT */;
/*!40101 SET @OLD_CHARACTER_SET_RESULTS=@@CHARACTER_SET_RESULTS */;
/*!40101 SET @OLD_COLLATION_CONNECTION=@@COLLATION_CONNECTION */;
/*!40101 SET NAMES utf8mb4 */;

--
-- Βάση δεδομένων: `mydatabase`
--

DELIMITER $$
--
-- Διαδικασίες
--
CREATE DEFINER=`root`@`localhost` PROCEDURE `InsertChefs` ()   BEGIN
    DECLARE episode INT DEFAULT 1;
    DECLARE last_episode INT DEFAULT 80;
    
    WHILE episode <= last_episode DO
        INSERT INTO choose_chef (chef_id, episode_id)
        SELECT chef_id, episode
        FROM (
            SELECT chef_id, ROW_NUMBER() OVER (PARTITION BY specialization ORDER BY RAND()) AS row_num
            FROM chef
            WHERE chef_id NOT IN (
                SELECT chef_id
                FROM choose_chef
                WHERE episode_id BETWEEN episode - 2 AND episode
            )
        ) AS ranked
        WHERE row_num = 1
        LIMIT 10;
        
        SET episode = episode + 1;
    END WHILE;
END$$

CREATE DEFINER=`root`@`localhost` PROCEDURE `InsertJudges` ()   BEGIN
    DECLARE episode INT DEFAULT 1;
    DECLARE last_episode INT DEFAULT 80;
    
    WHILE episode <= last_episode DO
        INSERT INTO choose_judge (judge_id, episode_id)
        SELECT judge_id, episode
        FROM (
            SELECT judge_id, ROW_NUMBER() OVER (ORDER BY RAND()) AS row_num
            FROM judge
            WHERE judge_id NOT IN (
                SELECT judge_id
                FROM choose_judge
                WHERE episode_id BETWEEN episode - 2 AND episode
            )
        ) AS ranked
        WHERE row_num <= 3
        LIMIT 3;
        
        SET episode = episode + 1;
    END WHILE;
END$$

CREATE DEFINER=`root`@`localhost` PROCEDURE `InsertRecipes` ()   BEGIN
    DECLARE episode INT DEFAULT 1;
    DECLARE last_episode INT DEFAULT 80;
    
    WHILE episode <= last_episode DO
        INSERT INTO choose_recipe (recipe_id, episode_id)
        SELECT recipe_id, episode
        FROM (
            SELECT recipe_id, ROW_NUMBER() OVER (PARTITION BY national_cuisine ORDER BY RAND()) AS row_num
            FROM recipe
            WHERE recipe_id NOT IN (
                SELECT recipe_id
                FROM choose_recipe
                WHERE episode_id BETWEEN episode - 2 AND episode
            )
        ) AS ranked
        WHERE row_num = 1
        LIMIT 10;
        
        SET episode = episode + 1;
    END WHILE;
END$$

DELIMITER ;

-- --------------------------------------------------------

--
-- Δομή πίνακα για τον πίνακα `admin`
--

CREATE TABLE `admin` (
  `admin_id` int(11) NOT NULL,
  `user_id` int(11) NOT NULL
) ENGINE=InnoDB DEFAULT CHARSET=utf8mb4 COLLATE=utf8mb4_general_ci;

--
-- Άδειασμα δεδομένων του πίνακα `admin`
--

INSERT INTO `admin` (`admin_id`, `user_id`) VALUES
(1, 101),
(2, 102),
(3, 103),
(4, 104),
(5, 105),
(6, 106),
(7, 107),
(8, 108),
(9, 109),
(10, 110),
(11, 111),
(12, 112),
(13, 113),
(14, 114),
(15, 115),
(16, 116),
(17, 117),
(18, 118),
(19, 119),
(20, 120),
(21, 121),
(22, 122),
(23, 123),
(24, 124),
(25, 125),
(26, 126),
(27, 127),
(28, 128),
(29, 129),
(30, 130),
(31, 131),
(32, 132),
(33, 133),
(34, 134),
(35, 135),
(36, 136),
(37, 137),
(38, 138),
(39, 139),
(40, 140),
(41, 141),
(42, 142),
(43, 143),
(44, 144),
(45, 145),
(46, 146),
(47, 147),
(48, 148),
(49, 149),
(50, 150),
(51, 151);

-- --------------------------------------------------------

--
-- Δομή πίνακα για τον πίνακα `belongs`
--

CREATE TABLE `belongs` (
  `recipe_id` int(11) NOT NULL,
  `meal_id` int(11) NOT NULL
) ENGINE=InnoDB DEFAULT CHARSET=utf8mb4 COLLATE=utf8mb4_general_ci;

--
-- Άδειασμα δεδομένων του πίνακα `belongs`
--

INSERT INTO `belongs` (`recipe_id`, `meal_id`) VALUES
(1, 5),
(2, 1),
(3, 3),
(4, 1),
(5, 2),
(6, 4),
(7, 3),
(8, 3),
(10, 1),
(11, 5),
(12, 5),
(13, 5),
(14, 3),
(15, 4),
(16, 3),
(17, 3),
(18, 3),
(19, 3),
(20, 2),
(21, 4),
(22, 3),
(23, 5),
(24, 4),
(26, 4),
(27, 3),
(29, 4),
(30, 2),
(31, 1),
(32, 5),
(33, 5),
(34, 5),
(35, 5),
(36, 5),
(37, 4),
(38, 5),
(39, 4),
(41, 5),
(42, 4),
(43, 4),
(44, 4),
(45, 3),
(46, 5),
(47, 5),
(48, 4),
(49, 5),
(50, 1);

-- --------------------------------------------------------

--
-- Δομή πίνακα για τον πίνακα `chef`
--

CREATE TABLE `chef` (
  `chef_id` int(11) NOT NULL,
  `first_name` varchar(45) NOT NULL,
  `last_name` varchar(45) NOT NULL,
  `contact_number` varchar(10) NOT NULL,
  `birth_date` date NOT NULL,
  `age` int(11) NOT NULL,
  `experience` varchar(25) NOT NULL,
  `specialization` varchar(25) NOT NULL,
  `training` text NOT NULL,
  `user_id` int(11) NOT NULL,
  `image` int(11) NOT NULL
) ENGINE=InnoDB DEFAULT CHARSET=utf8mb4 COLLATE=utf8mb4_general_ci;

--
-- Άδειασμα δεδομένων του πίνακα `chef`
--

INSERT INTO `chef` (`chef_id`, `first_name`, `last_name`, `contact_number`, `birth_date`, `age`, `experience`, `specialization`, `training`, `user_id`, `image`) VALUES
(1, 'Shaun', 'Hallows', '596-235-73', '1986-12-13', 37, '17', 'Mexican-American', 'B Cook', 1, 0),
(2, 'Bil', 'Seabourne', '244-897-45', '2002-03-14', 22, '4', 'Mexican-American', 'Chef', 2, 0),
(3, 'Mikol', 'Saggers', '848-592-60', '2002-06-07', 21, '4', 'Japanese', 'Souchef', 3, 0),
(4, 'Rasia', 'Snoday', '812-828-79', '1992-11-05', 31, '21', 'Moroccan', 'Souchef', 4, 0),
(5, 'Lucina', 'Wintle', '665-323-58', '1978-09-15', 45, '17', 'Mexican', 'B Cook', 5, 0),
(6, 'Sansone', 'Heningham', '800-231-36', '1996-03-19', 28, '18', 'Asian Fusion', 'B Cook', 6, 0),
(7, 'Karlan', 'Sorensen', '611-823-58', '1981-02-24', 43, '21', 'Thai', 'Chef', 7, 0),
(8, 'Sterne', 'Blackford', '493-940-21', '1991-06-06', 32, '22', 'Japanese', 'C Cook', 8, 0),
(9, 'Alethea', 'Copcote', '570-878-76', '1974-04-16', 50, '5', 'American', 'Chef', 9, 0),
(10, 'Jefferey', 'Hannaby', '837-477-91', '1973-05-14', 51, '15', 'Italian-American', 'C Cook', 10, 0),
(11, 'Dell', 'Gummary', '580-863-60', '2003-05-22', 20, '4', 'Middle Eastern', 'Souchef', 11, 0),
(12, 'Sherwood', 'Giraudoux', '443-843-07', '1986-10-29', 37, '27', 'French', 'A Cook', 12, 0),
(13, 'Nanine', 'Wyldbore', '618-184-12', '1970-08-23', 53, '2', 'American-Asian Fusion', 'Souchef', 13, 0),
(14, 'Valeria', 'Bambrough', '619-593-18', '2003-03-09', 21, '4', 'Russian', 'A Cook', 14, 0),
(15, 'Bonni', 'de Courcy', '142-470-22', '1976-05-22', 47, '8', 'Russian', 'Souchef', 15, 0),
(16, 'Leelah', 'Riseborough', '513-916-37', '2004-01-28', 20, '4', 'Italian-American', 'A Cook', 16, 0),
(17, 'Fletch', 'Baptist', '459-157-77', '1981-02-01', 43, '9', 'Korean-Mexican Fusion', 'A Cook', 17, 0),
(18, 'Janene', 'Claque', '496-829-23', '1989-07-22', 34, '2', 'Korean-Mexican Fusion', 'Souchef', 18, 0),
(19, 'Georgena', 'Panks', '847-307-36', '1985-07-28', 38, '28', 'Italian-American', 'C Cook', 19, 0),
(20, 'Hettie', 'Ingman', '741-373-26', '1990-01-26', 34, '1', 'Thai', 'Souchef', 20, 0),
(21, 'York', 'Alderton', '291-802-62', '1980-04-11', 44, '21', 'Italian-American', 'C Cook', 21, 0),
(22, 'Myrwyn', 'Grinley', '909-932-45', '2003-05-17', 21, '4', 'Korean-Mexican Fusion', 'Chef', 22, 0),
(23, 'Ingamar', 'De Ferrari', '327-231-07', '1980-04-13', 44, '10', 'American-Asian Fusion', 'Chef', 23, 0),
(24, 'Linc', 'Regorz', '430-169-54', '1979-01-30', 45, '24', 'Mediterranean', 'Chef', 24, 0),
(25, 'Gayel', 'Venus', '785-427-09', '1987-04-30', 37, '4', 'Asian Fusion', 'C Cook', 25, 0),
(26, 'Annadiana', 'McOrkill', '126-946-30', '1993-10-20', 30, '20', 'Italian-American', 'A Cook', 26, 0),
(27, 'Corenda', 'Hember', '113-940-89', '1982-10-24', 41, '10', 'Russian', 'B Cook', 27, 0),
(28, 'Omero', 'Camidge', '243-755-54', '1998-08-03', 25, '5', 'Italian-American', 'Souchef', 28, 0),
(29, 'Fabian', 'Belchambers', '310-787-27', '1972-10-25', 51, '30', 'Japanese', 'A Cook', 29, 0),
(30, 'Lotta', 'Styche', '798-623-45', '1975-01-14', 49, '23', 'Mexican', 'Chef', 30, 0),
(31, 'Winona', 'Wawer', '718-185-24', '1970-07-30', 53, '21', 'Mediterranean', 'C Cook', 31, 0),
(32, 'Letti', 'Mingay', '671-683-62', '1971-03-24', 53, '14', 'Mediterranean', 'Souchef', 32, 0),
(33, 'Tawsha', 'Synnott', '867-116-55', '1983-01-15', 41, '31', 'Russian', 'C Cook', 33, 0),
(34, 'Hakim', 'Kinze', '913-713-48', '1986-03-16', 38, '28', 'Mexican-American', 'C Cook', 34, 0),
(35, 'Daphna', 'Tamburo', '447-617-93', '1999-05-18', 25, '5', 'American-Asian Fusion', 'Souchef', 35, 0),
(36, 'Erny', 'Markussen', '403-317-78', '2000-07-18', 23, '4', 'Russian', 'Souchef', 36, 0),
(37, 'Ches', 'De Caville', '278-483-05', '1996-06-03', 27, '7', 'American', 'Souchef', 37, 0),
(38, 'Kimball', 'Yarnley', '917-312-95', '1989-04-02', 35, '2', 'Mexican', 'B Cook', 38, 0),
(39, 'Easter', 'Callen', '289-428-87', '1988-01-21', 36, '26', 'Italian', 'Chef', 39, 0),
(40, 'Maurise', 'Bowich', '639-278-68', '1971-07-06', 52, '20', 'American-Asian Fusion', 'C Cook', 40, 0),
(41, 'Igor', 'Harling', '632-106-73', '1977-09-02', 46, '17', 'Mexican-American', 'A Cook', 41, 0),
(42, 'Sada', 'Cottrell', '607-125-65', '1994-07-27', 29, '19', 'Thai', 'A Cook', 42, 0),
(43, 'Bryon', 'Bampton', '498-776-42', '2001-12-31', 22, '4', 'Mediterranean', 'A Cook', 43, 0),
(44, 'Bordie', 'Bows', '695-577-90', '1976-04-12', 48, '24', 'Mediterranean', 'Chef', 44, 0),
(45, 'Alyssa', 'Moehle', '312-417-97', '1997-06-09', 26, '6', 'Italian', 'Chef', 45, 0),
(46, 'Boote', 'Tuftin', '550-280-52', '1994-04-06', 30, '20', 'American', 'B Cook', 46, 0),
(47, 'Ashlie', 'Pendred', '831-140-49', '1981-10-08', 42, '21', 'Middle Eastern', 'A Cook', 47, 0),
(48, 'Tamiko', 'Earingey', '387-417-40', '1995-06-10', 28, '18', 'Asian Fusion', 'C Cook', 48, 0),
(49, 'Starlin', 'Hackford', '502-857-93', '1974-09-30', 49, '22', 'Mexican-American', 'B Cook', 49, 0),
(50, 'Yves', 'Chave', '992-500-92', '1970-07-31', 53, '16', 'Korean-Mexican Fusion', 'C Cook', 50, 0),
(51, 'Laural', 'Bartak', '541-178-45', '1981-02-15', 43, '33', 'Italian-American', 'A Cook', 51, 0),
(52, 'Doris', 'Semeniuk', '551-792-79', '1990-06-29', 33, '23', 'Korean-Mexican Fusion', 'Chef', 52, 0),
(53, 'Markos', 'Silk', '174-940-56', '1989-05-18', 35, '14', 'Japanese', 'Souchef', 53, 0),
(54, 'Marni', 'Ca', '281-682-33', '1974-01-31', 50, '14', 'Mediterranean', 'C Cook', 54, 0),
(55, 'Lesly', 'Iacovides', '191-112-76', '1974-08-25', 49, '7', 'Middle Eastern', 'A Cook', 55, 0),
(56, 'Tedi', 'Rosson', '151-855-59', '1980-04-24', 44, '5', 'American-Asian Fusion', 'Chef', 56, 0),
(57, 'Babbette', 'Kochl', '928-566-37', '1986-03-13', 38, '7', 'American', 'A Cook', 57, 0),
(58, 'Helli', 'Cottu', '926-905-81', '1985-06-16', 38, '17', 'Korean-Mexican Fusion', 'Chef', 58, 0),
(59, 'Homer', 'Yushmanov', '637-149-91', '1977-03-03', 47, '24', 'French', 'C Cook', 59, 0),
(60, 'Elbertina', 'Wildash', '389-930-67', '1986-03-04', 38, '16', 'Italian-American', 'Souchef', 60, 0),
(61, 'Cami', 'Hardern', '466-526-94', '1989-06-21', 34, '24', 'Italian-American', 'A Cook', 61, 0),
(62, 'Ulrikaumeko', 'Treleaven', '362-135-93', '1992-05-21', 32, '2', 'American-Asian Fusion', 'B Cook', 62, 0),
(63, 'Eldon', 'Gauson', '629-267-35', '1982-12-16', 41, '18', 'Mediterranean', 'Chef', 63, 0),
(64, 'Eadith', 'Sebastian', '616-112-61', '1994-02-13', 30, '9', 'American', 'A Cook', 64, 0),
(65, 'Valentijn', 'Menel', '437-376-62', '1994-09-23', 29, '5', 'Moroccan', 'C Cook', 65, 0),
(66, 'Charity', 'Sexty', '531-567-88', '1995-01-28', 29, '4', 'American-Asian Fusion', 'C Cook', 66, 0),
(67, 'Shirleen', 'Thaller', '824-723-16', '1977-09-18', 46, '11', 'Japanese', 'Chef', 67, 0),
(68, 'Lettie', 'Gibb', '849-608-56', '1974-05-01', 50, '19', 'Japanese', 'Souchef', 68, 0),
(69, 'Christalle', 'Fosdyke', '874-227-12', '1984-08-27', 39, '2', 'Thai', 'C Cook', 69, 0),
(70, 'Abigale', 'Sooley', '551-968-12', '1986-09-16', 37, '14', 'Mediterranean', 'C Cook', 70, 0),
(71, 'Jocelin', 'Davies', '226-731-69', '1999-05-11', 25, '5', 'Thai', 'A Cook', 71, 0),
(72, 'Rudolph', 'O\'Crotty', '607-647-72', '1995-02-21', 29, '13', 'Italian-American', 'Souchef', 72, 0),
(73, 'Nada', 'Henzley', '764-120-27', '2001-03-22', 23, '4', 'Middle Eastern', 'C Cook', 73, 0),
(74, 'Waverley', 'Vaneev', '446-461-90', '1994-02-14', 30, '13', 'Korean-Mexican Fusion', 'A Cook', 74, 0),
(75, 'Kaine', 'Penkethman', '453-708-68', '1988-06-03', 35, '25', 'Asian Fusion', 'Souchef', 75, 0),
(76, 'Tuckie', 'Treneman', '651-803-64', '1999-08-24', 24, '4', 'Middle Eastern', 'B Cook', 76, 0),
(77, 'Raine', 'Finnes', '561-466-22', '1971-06-07', 52, '4', 'Japanese', 'Souchef', 77, 0),
(78, 'Cordi', 'Beilby', '305-523-14', '1978-10-29', 45, '15', 'French', 'C Cook', 78, 0),
(79, 'Marni', 'Satteford', '953-884-97', '1982-12-24', 41, '8', 'Middle Eastern', 'A Cook', 79, 0),
(80, 'Ximenez', 'Tellesson', '629-187-46', '1985-08-13', 38, '21', 'Asian Fusion', 'Chef', 80, 0),
(81, 'Renell', 'Shier', '442-707-24', '1979-11-17', 44, '27', 'Mexican', 'A Cook', 81, 0),
(82, 'Sophie', 'Grishakin', '683-572-98', '1983-03-13', 41, '13', 'Moroccan', 'C Cook', 82, 0),
(83, 'Jeno', 'Hulls', '570-952-38', '2003-04-28', 21, '4', 'French', 'Souchef', 83, 0),
(84, 'Wernher', 'Boutcher', '480-571-67', '1983-08-10', 40, '16', 'French', 'A Cook', 84, 0),
(85, 'Markus', 'Jandourek', '662-178-69', '1970-12-05', 53, '24', 'Korean-Mexican Fusion', 'Souchef', 85, 0),
(86, 'Fowler', 'Axworthy', '615-179-32', '1981-03-20', 43, '17', 'Italian-American', 'B Cook', 86, 0),
(87, 'Laurella', 'Spataro', '457-774-27', '1982-07-24', 41, '16', 'Middle Eastern', 'C Cook', 87, 0),
(88, 'Devy', 'Houseago', '112-517-25', '1991-11-29', 32, '22', 'Mexican-American', 'Souchef', 88, 0),
(89, 'Caro', 'Edmonds', '505-478-62', '1975-12-26', 48, '8', 'Middle Eastern', 'A Cook', 89, 0),
(90, 'Marmaduke', 'Stellin', '694-756-90', '1988-04-08', 36, '26', 'American-Asian Fusion', 'C Cook', 90, 0),
(91, 'Jacklin', 'Tenbrug', '133-386-94', '1987-11-15', 36, '4', 'French', 'Chef', 91, 0),
(92, 'Arabel', 'Cradock', '411-832-49', '1975-06-24', 48, '19', 'Korean-Mexican Fusion', 'B Cook', 92, 0),
(93, 'Jan', 'Croucher', '790-722-49', '1996-09-29', 27, '6', 'French', 'Chef', 93, 0),
(94, 'Maire', 'Dinsmore', '639-848-17', '1990-03-10', 34, '18', 'Korean-Mexican Fusion', 'B Cook', 94, 0),
(95, 'Leeann', 'Helliker', '336-120-11', '2003-10-02', 20, '4', 'Middle Eastern', 'Chef', 95, 0),
(96, 'Kathrine', 'Fickling', '520-814-81', '1984-02-27', 40, '4', 'Moroccan', 'C Cook', 96, 0),
(97, 'Julianne', 'Schuck', '994-742-24', '1989-11-16', 34, '24', 'Thai', 'A Cook', 97, 0),
(98, 'Ross', 'Martinovsky', '630-508-07', '1988-05-09', 36, '10', 'Italian-American', 'A Cook', 98, 0),
(99, 'Georgi', 'Glencross', '699-111-84', '1989-06-20', 34, '18', 'Moroccan', 'B Cook', 99, 0),
(100, 'Edgar', 'Manthroppe', '378-293-19', '1997-09-07', 26, '16', 'Italian', 'Chef', 100, 0);

-- --------------------------------------------------------

--
-- Δομή πίνακα για τον πίνακα `choose_chef`
--

CREATE TABLE `choose_chef` (
  `choose_chef_id` int(11) NOT NULL,
  `episode_id` int(11) NOT NULL,
  `chef_id` int(11) NOT NULL
) ENGINE=InnoDB DEFAULT CHARSET=utf8mb4 COLLATE=utf8mb4_general_ci;

--
-- Άδειασμα δεδομένων του πίνακα `choose_chef`
--

INSERT INTO `choose_chef` (`choose_chef_id`, `episode_id`, `chef_id`) VALUES
(5237, 1, 81),
(5238, 1, 64),
(5239, 1, 90),
(5240, 1, 25),
(5241, 1, 91),
(5242, 1, 39),
(5243, 1, 21),
(5244, 1, 29),
(5245, 1, 50),
(5246, 1, 24),
(5252, 2, 37),
(5253, 2, 13),
(5254, 2, 75),
(5255, 2, 59),
(5256, 2, 100),
(5257, 2, 28),
(5258, 2, 53),
(5259, 2, 19),
(5260, 2, 32),
(5261, 2, 38),
(5267, 3, 46),
(5268, 3, 35),
(5269, 3, 6),
(5270, 3, 93),
(5271, 3, 45),
(5272, 3, 61),
(5273, 3, 68),
(5274, 3, 17),
(5275, 3, 70),
(5276, 3, 5),
(5282, 4, 81),
(5283, 4, 57),
(5284, 4, 90),
(5285, 4, 80),
(5286, 4, 78),
(5287, 4, 39),
(5288, 4, 60),
(5289, 4, 29),
(5290, 4, 94),
(5291, 4, 24),
(5297, 5, 64),
(5298, 5, 62),
(5299, 5, 25),
(5300, 5, 91),
(5301, 5, 100),
(5302, 5, 72),
(5303, 5, 53),
(5304, 5, 58),
(5305, 5, 43),
(5306, 5, 30),
(5312, 6, 37),
(5313, 6, 13),
(5314, 6, 75),
(5315, 6, 93),
(5316, 6, 45),
(5317, 6, 10),
(5318, 6, 68),
(5319, 6, 92),
(5320, 6, 31),
(5321, 6, 5),
(5327, 7, 81),
(5328, 7, 46),
(5329, 7, 23),
(5330, 7, 80),
(5331, 7, 59),
(5332, 7, 39),
(5333, 7, 61),
(5334, 7, 29),
(5335, 7, 74),
(5336, 7, 63),
(5342, 8, 64),
(5343, 8, 56),
(5344, 8, 6),
(5345, 8, 12),
(5346, 8, 100),
(5347, 8, 16),
(5348, 8, 53),
(5349, 8, 50),
(5350, 8, 54),
(5351, 8, 30),
(5357, 9, 57),
(5358, 9, 90),
(5359, 9, 48),
(5360, 9, 84),
(5361, 9, 45),
(5362, 9, 26),
(5363, 9, 77),
(5364, 9, 52),
(5365, 9, 32),
(5366, 9, 5),
(5372, 10, 81),
(5373, 10, 46),
(5374, 10, 40),
(5375, 10, 80),
(5376, 10, 91),
(5377, 10, 39),
(5378, 10, 21),
(5379, 10, 68),
(5380, 10, 92),
(5381, 10, 63),
(5387, 11, 64),
(5388, 11, 56),
(5389, 11, 6),
(5390, 11, 83),
(5391, 11, 100),
(5392, 11, 98),
(5393, 11, 3),
(5394, 11, 22),
(5395, 11, 54),
(5396, 11, 30),
(5402, 12, 57),
(5403, 12, 23),
(5404, 12, 25),
(5405, 12, 93),
(5406, 12, 45),
(5407, 12, 10),
(5408, 12, 29),
(5409, 12, 17),
(5410, 12, 44),
(5411, 12, 5),
(5417, 13, 81),
(5418, 13, 9),
(5419, 13, 62),
(5420, 13, 80),
(5421, 13, 84),
(5422, 13, 39),
(5423, 13, 26),
(5424, 13, 77),
(5425, 13, 52),
(5426, 13, 32),
(5432, 14, 37),
(5433, 14, 66),
(5434, 14, 75),
(5435, 14, 91),
(5436, 14, 100),
(5437, 14, 28),
(5438, 14, 67),
(5439, 14, 18),
(5440, 14, 24),
(5441, 14, 38),
(5447, 15, 64),
(5448, 15, 23),
(5449, 15, 6),
(5450, 15, 93),
(5451, 15, 45),
(5452, 15, 86),
(5453, 15, 68),
(5454, 15, 58),
(5455, 15, 70),
(5456, 15, 30),
(5462, 16, 81),
(5463, 16, 57),
(5464, 16, 56),
(5465, 16, 25),
(5466, 16, 59),
(5467, 16, 39),
(5468, 16, 16),
(5469, 16, 53),
(5470, 16, 22),
(5471, 16, 44),
(5477, 17, 46),
(5478, 17, 62),
(5479, 17, 80),
(5480, 17, 12),
(5481, 17, 100),
(5482, 17, 19),
(5483, 17, 3),
(5484, 17, 50),
(5485, 17, 54),
(5486, 17, 5),
(5492, 18, 64),
(5493, 18, 90),
(5494, 18, 75),
(5495, 18, 83),
(5496, 18, 45),
(5497, 18, 60),
(5498, 18, 67),
(5499, 18, 17),
(5500, 18, 63),
(5501, 18, 38),
(5507, 19, 81),
(5508, 19, 9),
(5509, 19, 66),
(5510, 19, 6),
(5511, 19, 78),
(5512, 19, 39),
(5513, 19, 21),
(5514, 19, 53),
(5515, 19, 74),
(5516, 19, 31),
(5522, 20, 37),
(5523, 20, 23),
(5524, 20, 48),
(5525, 20, 91),
(5526, 20, 100),
(5527, 20, 19),
(5528, 20, 8),
(5529, 20, 94),
(5530, 20, 54),
(5531, 20, 5),
(5537, 21, 46),
(5538, 21, 13),
(5539, 21, 75),
(5540, 21, 93),
(5541, 21, 45),
(5542, 21, 86),
(5543, 21, 29),
(5544, 21, 52),
(5545, 21, 24),
(5546, 21, 38),
(5552, 22, 81),
(5553, 22, 57),
(5554, 22, 62),
(5555, 22, 6),
(5556, 22, 12),
(5557, 22, 39),
(5558, 22, 60),
(5559, 22, 67),
(5560, 22, 22),
(5561, 22, 31),
(5567, 23, 37),
(5568, 23, 66),
(5569, 23, 25),
(5570, 23, 91),
(5571, 23, 100),
(5572, 23, 26),
(5573, 23, 3),
(5574, 23, 58),
(5575, 23, 63),
(5576, 23, 30),
(5582, 24, 64),
(5583, 24, 13),
(5584, 24, 75),
(5585, 24, 84),
(5586, 24, 45),
(5587, 24, 10),
(5588, 24, 29),
(5589, 24, 74),
(5590, 24, 54),
(5591, 24, 5),
(5597, 25, 81),
(5598, 25, 9),
(5599, 25, 23),
(5600, 25, 6),
(5601, 25, 12),
(5602, 25, 39),
(5603, 25, 16),
(5604, 25, 8),
(5605, 25, 92),
(5606, 25, 43),
(5612, 26, 46),
(5613, 26, 90),
(5614, 26, 80),
(5615, 26, 93),
(5616, 26, 100),
(5617, 26, 19),
(5618, 26, 53),
(5619, 26, 50),
(5620, 26, 63),
(5621, 26, 30),
(5627, 27, 57),
(5628, 27, 40),
(5629, 27, 75),
(5630, 27, 78),
(5631, 27, 45),
(5632, 27, 61),
(5633, 27, 67),
(5634, 27, 94),
(5635, 27, 54),
(5636, 27, 5),
(5642, 28, 81),
(5643, 28, 64),
(5644, 28, 62),
(5645, 28, 48),
(5646, 28, 84),
(5647, 28, 39),
(5648, 28, 10),
(5649, 28, 3),
(5650, 28, 52),
(5651, 28, 43),
(5657, 29, 37),
(5658, 29, 23),
(5659, 29, 6),
(5660, 29, 93),
(5661, 29, 100),
(5662, 29, 86),
(5663, 29, 53),
(5664, 29, 18),
(5665, 29, 31),
(5666, 29, 38),
(5672, 30, 9),
(5673, 30, 90),
(5674, 30, 25),
(5675, 30, 91),
(5676, 30, 45),
(5677, 30, 21),
(5678, 30, 8),
(5679, 30, 74),
(5680, 30, 44),
(5681, 30, 5),
(5687, 31, 81),
(5688, 31, 57),
(5689, 31, 66),
(5690, 31, 75),
(5691, 31, 83),
(5692, 31, 39),
(5693, 31, 16),
(5694, 31, 3),
(5695, 31, 92),
(5696, 31, 63),
(5702, 32, 64),
(5703, 32, 13),
(5704, 32, 48),
(5705, 32, 78),
(5706, 32, 100),
(5707, 32, 26),
(5708, 32, 77),
(5709, 32, 17),
(5710, 32, 54),
(5711, 32, 30),
(5717, 33, 37),
(5718, 33, 90),
(5719, 33, 6),
(5720, 33, 59),
(5721, 33, 45),
(5722, 33, 61),
(5723, 33, 68),
(5724, 33, 58),
(5725, 33, 44),
(5726, 33, 5),
(5732, 34, 81),
(5733, 34, 46),
(5734, 34, 62),
(5735, 34, 25),
(5736, 34, 84),
(5737, 34, 39),
(5738, 34, 21),
(5739, 34, 53),
(5740, 34, 85),
(5741, 34, 31),
(5747, 35, 57),
(5748, 35, 35),
(5749, 35, 80),
(5750, 35, 91),
(5751, 35, 100),
(5752, 35, 72),
(5753, 35, 29),
(5754, 35, 22),
(5755, 35, 63),
(5756, 35, 38),
(5762, 36, 9),
(5763, 36, 66),
(5764, 36, 75),
(5765, 36, 78),
(5766, 36, 45),
(5767, 36, 98),
(5768, 36, 68),
(5769, 36, 58),
(5770, 36, 43),
(5771, 36, 5),
(5777, 37, 81),
(5778, 37, 37),
(5779, 37, 13),
(5780, 37, 25),
(5781, 37, 93),
(5782, 37, 39),
(5783, 37, 26),
(5784, 37, 77),
(5785, 37, 92),
(5786, 37, 70),
(5792, 38, 46),
(5793, 38, 40),
(5794, 38, 48),
(5795, 38, 91),
(5796, 38, 100),
(5797, 38, 60),
(5798, 38, 29),
(5799, 38, 85),
(5800, 38, 32),
(5801, 38, 30),
(5807, 39, 57),
(5808, 39, 23),
(5809, 39, 6),
(5810, 39, 83),
(5811, 39, 45),
(5812, 39, 86),
(5813, 39, 3),
(5814, 39, 94),
(5815, 39, 63),
(5816, 39, 5),
(5822, 40, 81),
(5823, 40, 37),
(5824, 40, 56),
(5825, 40, 75),
(5826, 40, 84),
(5827, 40, 39),
(5828, 40, 21),
(5829, 40, 68),
(5830, 40, 74),
(5831, 40, 54),
(5837, 41, 46),
(5838, 41, 66),
(5839, 41, 48),
(5840, 41, 12),
(5841, 41, 100),
(5842, 41, 72),
(5843, 41, 53),
(5844, 41, 18),
(5845, 41, 31),
(5846, 41, 30),
(5852, 42, 64),
(5853, 42, 13),
(5854, 42, 6),
(5855, 42, 91),
(5856, 42, 45),
(5857, 42, 26),
(5858, 42, 3),
(5859, 42, 94),
(5860, 42, 70),
(5861, 42, 5),
(5867, 43, 81),
(5868, 43, 57),
(5869, 43, 56),
(5870, 43, 80),
(5871, 43, 93),
(5872, 43, 39),
(5873, 43, 21),
(5874, 43, 29),
(5875, 43, 85),
(5876, 43, 32),
(5882, 44, 9),
(5883, 44, 35),
(5884, 44, 48),
(5885, 44, 59),
(5886, 44, 100),
(5887, 44, 61),
(5888, 44, 53),
(5889, 44, 18),
(5890, 44, 31),
(5891, 44, 38),
(5897, 45, 64),
(5898, 45, 62),
(5899, 45, 6),
(5900, 45, 12),
(5901, 45, 45),
(5902, 45, 10),
(5903, 45, 3),
(5904, 45, 52),
(5905, 45, 63),
(5906, 45, 5),
(5912, 46, 81),
(5913, 46, 57),
(5914, 46, 13),
(5915, 46, 75),
(5916, 46, 91),
(5917, 46, 39),
(5918, 46, 86),
(5919, 46, 68),
(5920, 46, 94),
(5921, 46, 43),
(5927, 47, 37),
(5928, 47, 56),
(5929, 47, 80),
(5930, 47, 59),
(5931, 47, 100),
(5932, 47, 98),
(5933, 47, 53),
(5934, 47, 74),
(5935, 47, 54),
(5936, 47, 38),
(5942, 48, 9),
(5943, 48, 62),
(5944, 48, 25),
(5945, 48, 93),
(5946, 48, 45),
(5947, 48, 61),
(5948, 48, 3),
(5949, 48, 22),
(5950, 48, 31),
(5951, 48, 5),
(5957, 49, 81),
(5958, 49, 64),
(5959, 49, 66),
(5960, 49, 48),
(5961, 49, 12),
(5962, 49, 39),
(5963, 49, 60),
(5964, 49, 77),
(5965, 49, 92),
(5966, 49, 44),
(5972, 50, 57),
(5973, 50, 35),
(5974, 50, 6),
(5975, 50, 84),
(5976, 50, 100),
(5977, 50, 28),
(5978, 50, 53),
(5979, 50, 74),
(5980, 50, 54),
(5981, 50, 30),
(5987, 51, 9),
(5988, 51, 56),
(5989, 51, 25),
(5990, 51, 59),
(5991, 51, 45),
(5992, 51, 16),
(5993, 51, 3),
(5994, 51, 22),
(5995, 51, 43),
(5996, 51, 5),
(6002, 52, 81),
(6003, 52, 64),
(6004, 52, 62),
(6005, 52, 80),
(6006, 52, 78),
(6007, 52, 39),
(6008, 52, 98),
(6009, 52, 68),
(6010, 52, 94),
(6011, 52, 31),
(6017, 53, 57),
(6018, 53, 23),
(6019, 53, 48),
(6020, 53, 12),
(6021, 53, 100),
(6022, 53, 19),
(6023, 53, 29),
(6024, 53, 85),
(6025, 53, 32),
(6026, 53, 30),
(6032, 54, 37),
(6033, 54, 40),
(6034, 54, 75),
(6035, 54, 93),
(6036, 54, 45),
(6037, 54, 16),
(6038, 54, 8),
(6039, 54, 52),
(6040, 54, 43),
(6041, 54, 38),
(6047, 55, 81),
(6048, 55, 46),
(6049, 55, 62),
(6050, 55, 25),
(6051, 55, 78),
(6052, 55, 39),
(6053, 55, 60),
(6054, 55, 53),
(6055, 55, 94),
(6056, 55, 44),
(6062, 56, 64),
(6063, 56, 23),
(6064, 56, 6),
(6065, 56, 84),
(6066, 56, 100),
(6067, 56, 61),
(6068, 56, 3),
(6069, 56, 85),
(6070, 56, 63),
(6071, 56, 5),
(6077, 57, 37),
(6078, 57, 90),
(6079, 57, 48),
(6080, 57, 12),
(6081, 57, 45),
(6082, 57, 16),
(6083, 57, 29),
(6084, 57, 92),
(6085, 57, 31),
(6086, 57, 30),
(6092, 58, 81),
(6093, 58, 57),
(6094, 58, 66),
(6095, 58, 80),
(6096, 58, 78),
(6097, 58, 39),
(6098, 58, 21),
(6099, 58, 68),
(6100, 58, 52),
(6101, 58, 54),
(6107, 59, 9),
(6108, 59, 35),
(6109, 59, 75),
(6110, 59, 83),
(6111, 59, 100),
(6112, 59, 60),
(6113, 59, 3),
(6114, 59, 85),
(6115, 59, 63),
(6116, 59, 5),
(6122, 60, 46),
(6123, 60, 23),
(6124, 60, 6),
(6125, 60, 59),
(6126, 60, 45),
(6127, 60, 26),
(6128, 60, 53),
(6129, 60, 17),
(6130, 60, 32),
(6131, 60, 38),
(6137, 61, 81),
(6138, 61, 64),
(6139, 61, 13),
(6140, 61, 25),
(6141, 61, 84),
(6142, 61, 39),
(6143, 61, 19),
(6144, 61, 8),
(6145, 61, 94),
(6146, 61, 31),
(6152, 62, 37),
(6153, 62, 40),
(6154, 62, 48),
(6155, 62, 78),
(6156, 62, 100),
(6157, 62, 51),
(6158, 62, 29),
(6159, 62, 58),
(6160, 62, 44),
(6161, 62, 30),
(6167, 63, 57),
(6168, 63, 35),
(6169, 63, 75),
(6170, 63, 91),
(6171, 63, 45),
(6172, 63, 26),
(6173, 63, 77),
(6174, 63, 52),
(6175, 63, 54),
(6176, 63, 5),
(6182, 64, 81),
(6183, 64, 64),
(6184, 64, 90),
(6185, 64, 6),
(6186, 64, 84),
(6187, 64, 39),
(6188, 64, 21),
(6189, 64, 8),
(6190, 64, 94),
(6191, 64, 24),
(6197, 65, 46),
(6198, 65, 66),
(6199, 65, 25),
(6200, 65, 78),
(6201, 65, 100),
(6202, 65, 19),
(6203, 65, 53),
(6204, 65, 58),
(6205, 65, 32),
(6206, 65, 38),
(6212, 66, 37),
(6213, 66, 13),
(6214, 66, 75),
(6215, 66, 93),
(6216, 66, 45),
(6217, 66, 26),
(6218, 66, 77),
(6219, 66, 50),
(6220, 66, 44),
(6221, 66, 5),
(6227, 67, 81),
(6228, 67, 64),
(6229, 67, 90),
(6230, 67, 80),
(6231, 67, 59),
(6232, 67, 39),
(6233, 67, 98),
(6234, 67, 3),
(6235, 67, 22),
(6236, 67, 31),
(6242, 68, 9),
(6243, 68, 40),
(6244, 68, 6),
(6245, 68, 78),
(6246, 68, 100),
(6247, 68, 61),
(6248, 68, 53),
(6249, 68, 17),
(6250, 68, 63),
(6251, 68, 30),
(6257, 69, 46),
(6258, 69, 62),
(6259, 69, 25),
(6260, 69, 83),
(6261, 69, 45),
(6262, 69, 51),
(6263, 69, 29),
(6264, 69, 92),
(6265, 69, 24),
(6266, 69, 5),
(6272, 70, 81),
(6273, 70, 37),
(6274, 70, 13),
(6275, 70, 48),
(6276, 70, 12),
(6277, 70, 39),
(6278, 70, 10),
(6279, 70, 3),
(6280, 70, 74),
(6281, 70, 54),
(6287, 71, 57),
(6288, 71, 90),
(6289, 71, 80),
(6290, 71, 93),
(6291, 71, 100),
(6292, 71, 60),
(6293, 71, 68),
(6294, 71, 52),
(6295, 71, 63),
(6296, 71, 38),
(6302, 72, 9),
(6303, 72, 62),
(6304, 72, 25),
(6305, 72, 78),
(6306, 72, 45),
(6307, 72, 26),
(6308, 72, 8),
(6309, 72, 22),
(6310, 72, 43),
(6311, 72, 5),
(6317, 73, 81),
(6318, 73, 46),
(6319, 73, 66),
(6320, 73, 75),
(6321, 73, 83),
(6322, 73, 39),
(6323, 73, 19),
(6324, 73, 29),
(6325, 73, 17),
(6326, 73, 31),
(6332, 74, 57),
(6333, 74, 56),
(6334, 74, 48),
(6335, 74, 91),
(6336, 74, 100),
(6337, 74, 86),
(6338, 74, 67),
(6339, 74, 94),
(6340, 74, 24),
(6341, 74, 38),
(6347, 75, 64),
(6348, 75, 90),
(6349, 75, 6),
(6350, 75, 78),
(6351, 75, 45),
(6352, 75, 10),
(6353, 75, 68),
(6354, 75, 22),
(6355, 75, 54),
(6356, 75, 30),
(6362, 76, 81),
(6363, 76, 9),
(6364, 76, 40),
(6365, 76, 80),
(6366, 76, 12),
(6367, 76, 39),
(6368, 76, 61),
(6369, 76, 53),
(6370, 76, 92),
(6371, 76, 31),
(6377, 77, 37),
(6378, 77, 35),
(6379, 77, 25),
(6380, 77, 83),
(6381, 77, 100),
(6382, 77, 19),
(6383, 77, 3),
(6384, 77, 50),
(6385, 77, 32),
(6386, 77, 38),
(6392, 78, 46),
(6393, 78, 90),
(6394, 78, 6),
(6395, 78, 91),
(6396, 78, 45),
(6397, 78, 72),
(6398, 78, 8),
(6399, 78, 52),
(6400, 78, 63),
(6401, 78, 30),
(6407, 79, 81),
(6408, 79, 64),
(6409, 79, 13),
(6410, 79, 48),
(6411, 79, 59),
(6412, 79, 39),
(6413, 79, 26),
(6414, 79, 68),
(6415, 79, 22),
(6416, 79, 44),
(6422, 80, 9),
(6423, 80, 66),
(6424, 80, 80),
(6425, 80, 84),
(6426, 80, 100),
(6427, 80, 60),
(6428, 80, 67),
(6429, 80, 18),
(6430, 80, 24),
(6431, 80, 38);

-- --------------------------------------------------------

--
-- Δομή πίνακα για τον πίνακα `choose_judge`
--

CREATE TABLE `choose_judge` (
  `choose_judge_id` int(11) NOT NULL,
  `episode_id` int(11) NOT NULL,
  `judge_id` int(11) NOT NULL
) ENGINE=InnoDB DEFAULT CHARSET=utf8mb4 COLLATE=utf8mb4_general_ci;

--
-- Άδειασμα δεδομένων του πίνακα `choose_judge`
--

INSERT INTO `choose_judge` (`choose_judge_id`, `episode_id`, `judge_id`) VALUES
(478, 1, 93),
(479, 1, 32),
(480, 1, 26),
(481, 2, 18),
(482, 2, 47),
(483, 2, 50),
(484, 3, 83),
(485, 3, 12),
(486, 3, 18),
(487, 4, 88),
(488, 4, 100),
(489, 4, 70),
(490, 5, 24),
(491, 5, 6),
(492, 5, 69),
(493, 6, 14),
(494, 6, 95),
(495, 6, 69),
(496, 7, 11),
(497, 7, 51),
(498, 7, 67),
(499, 8, 63),
(500, 8, 57),
(501, 8, 52),
(502, 9, 13),
(503, 9, 100),
(504, 9, 8),
(505, 10, 37),
(506, 10, 17),
(507, 10, 55),
(508, 11, 57),
(509, 11, 71),
(510, 11, 69),
(511, 12, 81),
(512, 12, 24),
(513, 12, 15),
(514, 13, 12),
(515, 13, 99),
(516, 13, 48),
(517, 14, 46),
(518, 14, 53),
(519, 14, 3),
(520, 15, 13),
(521, 15, 88),
(522, 15, 100),
(523, 16, 72),
(524, 16, 87),
(525, 16, 58),
(526, 17, 34),
(527, 17, 94),
(528, 17, 97),
(529, 18, 59),
(530, 18, 18),
(531, 18, 52),
(532, 19, 71),
(533, 19, 62),
(534, 19, 2),
(535, 20, 17),
(536, 20, 56),
(537, 20, 79),
(538, 21, 82),
(539, 21, 68),
(540, 21, 25),
(541, 22, 50),
(542, 22, 69),
(543, 22, 13),
(544, 23, 84),
(545, 23, 49),
(546, 23, 46),
(547, 24, 30),
(548, 24, 18),
(549, 24, 48),
(550, 25, 48),
(551, 25, 60),
(552, 25, 37),
(553, 26, 61),
(554, 26, 47),
(555, 26, 20),
(556, 27, 38),
(557, 27, 28),
(558, 27, 96),
(559, 28, 70),
(560, 28, 55),
(561, 28, 100),
(562, 29, 3),
(563, 29, 12),
(564, 29, 26),
(565, 30, 83),
(566, 30, 80),
(567, 30, 41),
(568, 31, 2),
(569, 31, 56),
(570, 31, 8),
(571, 32, 1),
(572, 32, 51),
(573, 32, 61),
(574, 33, 71),
(575, 33, 77),
(576, 33, 14),
(577, 34, 26),
(578, 34, 41),
(579, 34, 33),
(580, 35, 31),
(581, 35, 81),
(582, 35, 75),
(583, 36, 2),
(584, 36, 39),
(585, 36, 47),
(586, 37, 34),
(587, 37, 71),
(588, 37, 82),
(589, 38, 98),
(590, 38, 47),
(591, 38, 44),
(592, 39, 32),
(593, 39, 48),
(594, 39, 76),
(595, 40, 99),
(596, 40, 22),
(597, 40, 12),
(598, 41, 60),
(599, 41, 28),
(600, 41, 17),
(601, 42, 2),
(602, 42, 72),
(603, 42, 71),
(604, 43, 79),
(605, 43, 45),
(606, 43, 18),
(607, 44, 10),
(608, 44, 73),
(609, 44, 80),
(610, 45, 95),
(611, 45, 36),
(612, 45, 98),
(613, 46, 41),
(614, 46, 16),
(615, 46, 12),
(616, 47, 91),
(617, 47, 66),
(618, 47, 33),
(619, 48, 70),
(620, 48, 72),
(621, 48, 11),
(622, 49, 67),
(623, 49, 23),
(624, 49, 61),
(625, 50, 58),
(626, 50, 95),
(627, 50, 62),
(628, 51, 87),
(629, 51, 53),
(630, 51, 39),
(631, 52, 3),
(632, 52, 69),
(633, 52, 59),
(634, 53, 82),
(635, 53, 58),
(636, 53, 16),
(637, 54, 88),
(638, 54, 69),
(639, 54, 95),
(640, 55, 84),
(641, 55, 28),
(642, 55, 1),
(643, 56, 76),
(644, 56, 82),
(645, 56, 44),
(646, 57, 49),
(647, 57, 54),
(648, 57, 68),
(649, 58, 67),
(650, 58, 61),
(651, 58, 64),
(652, 59, 42),
(653, 59, 88),
(654, 59, 13),
(655, 60, 78),
(656, 60, 12),
(657, 60, 47),
(658, 61, 61),
(659, 61, 40),
(660, 61, 67),
(661, 62, 80),
(662, 62, 49),
(663, 62, 52),
(664, 63, 47),
(665, 63, 79),
(666, 63, 15),
(667, 64, 1),
(668, 64, 59),
(669, 64, 66),
(670, 65, 36),
(671, 65, 64),
(672, 65, 72),
(673, 66, 70),
(674, 66, 28),
(675, 66, 78),
(676, 67, 34),
(677, 67, 86),
(678, 67, 83),
(679, 68, 80),
(680, 68, 75),
(681, 68, 54),
(682, 69, 65),
(683, 69, 16),
(684, 69, 14),
(685, 70, 11),
(686, 70, 15),
(687, 70, 93),
(688, 71, 99),
(689, 71, 10),
(690, 71, 5),
(691, 72, 52),
(692, 72, 77),
(693, 72, 44),
(694, 73, 30),
(695, 73, 28),
(696, 73, 36),
(697, 74, 74),
(698, 74, 45),
(699, 74, 34),
(700, 75, 47),
(701, 75, 14),
(702, 75, 59),
(703, 76, 97),
(704, 76, 100),
(705, 76, 71),
(706, 77, 51),
(707, 77, 72),
(708, 77, 20),
(709, 78, 22),
(710, 78, 49),
(711, 78, 67),
(712, 79, 23),
(713, 79, 99),
(714, 79, 82),
(715, 80, 11),
(716, 80, 8),
(717, 80, 61);

-- --------------------------------------------------------

--
-- Δομή πίνακα για τον πίνακα `choose_recipe`
--

CREATE TABLE `choose_recipe` (
  `choose_recipe_id` int(11) NOT NULL,
  `episode_id` int(11) NOT NULL,
  `recipe_id` int(11) NOT NULL
) ENGINE=InnoDB DEFAULT CHARSET=utf8mb4 COLLATE=utf8mb4_general_ci;

--
-- Άδειασμα δεδομένων του πίνακα `choose_recipe`
--

INSERT INTO `choose_recipe` (`choose_recipe_id`, `episode_id`, `recipe_id`) VALUES
(1, 1, 22),
(2, 1, 44),
(3, 1, 21),
(4, 1, 20),
(5, 1, 39),
(6, 1, 41),
(7, 1, 8),
(8, 1, 38),
(9, 1, 42),
(10, 1, 14),
(16, 2, 26),
(17, 2, 5),
(18, 2, 48),
(19, 2, 36),
(20, 2, 6),
(21, 2, 13),
(22, 2, 25),
(23, 2, 11),
(24, 2, 27),
(25, 2, 34),
(31, 3, 7),
(32, 3, 19),
(33, 3, 24),
(34, 3, 47),
(35, 3, 18),
(36, 3, 46),
(37, 3, 29),
(38, 4, 35),
(39, 4, 44),
(40, 4, 21),
(41, 4, 20),
(42, 4, 39),
(43, 4, 41),
(44, 4, 8),
(45, 4, 38),
(46, 4, 42),
(47, 4, 31),
(53, 5, 16),
(54, 5, 5),
(55, 5, 48),
(56, 5, 36),
(57, 5, 6),
(58, 5, 45),
(59, 5, 25),
(60, 5, 11),
(61, 5, 27),
(62, 5, 34),
(68, 6, 7),
(69, 6, 19),
(70, 6, 12),
(71, 6, 14),
(72, 6, 18),
(73, 6, 46),
(74, 6, 49),
(75, 7, 2),
(76, 7, 44),
(77, 7, 21),
(78, 7, 20),
(79, 7, 39),
(80, 7, 41),
(81, 7, 24),
(82, 7, 38),
(83, 7, 42),
(84, 7, 9),
(90, 8, 3),
(91, 8, 5),
(92, 8, 48),
(93, 8, 36),
(94, 8, 6),
(95, 8, 13),
(96, 8, 25),
(97, 8, 11),
(98, 8, 27),
(99, 8, 34),
(105, 9, 28),
(106, 9, 19),
(107, 9, 12),
(108, 9, 45),
(109, 9, 17),
(110, 9, 46),
(111, 9, 32),
(112, 10, 30),
(113, 10, 44),
(114, 10, 21),
(115, 10, 20),
(116, 10, 39),
(117, 10, 41),
(118, 10, 24),
(119, 10, 38),
(120, 10, 42),
(121, 10, 31),
(127, 11, 37),
(128, 11, 5),
(129, 11, 48),
(130, 11, 36),
(131, 11, 8),
(132, 11, 9),
(133, 11, 25),
(134, 11, 11),
(135, 11, 27),
(136, 11, 34),
(142, 12, 16),
(143, 12, 19),
(144, 12, 12),
(145, 12, 14),
(146, 12, 18),
(147, 12, 46),
(148, 12, 32),
(149, 13, 33),
(150, 13, 44),
(151, 13, 21),
(152, 13, 20),
(153, 13, 39),
(154, 13, 41),
(155, 13, 6),
(156, 13, 38),
(157, 13, 42),
(158, 13, 47),
(164, 14, 37),
(165, 14, 5),
(166, 14, 48),
(167, 14, 36),
(168, 14, 8),
(169, 14, 9),
(170, 14, 17),
(171, 14, 11),
(172, 14, 27),
(173, 14, 34),
(179, 15, 7),
(180, 15, 19),
(181, 15, 12),
(182, 15, 14),
(183, 15, 25),
(184, 15, 46),
(185, 15, 49),
(186, 16, 10),
(187, 16, 44),
(188, 16, 21),
(189, 16, 20),
(190, 16, 39),
(191, 16, 41),
(192, 16, 6),
(193, 16, 38),
(194, 16, 42),
(195, 16, 13),
(201, 17, 2),
(202, 17, 5),
(203, 17, 48),
(204, 17, 36),
(205, 17, 24),
(206, 17, 47),
(207, 17, 18),
(208, 17, 11),
(209, 17, 27),
(210, 17, 34),
(216, 18, 30),
(217, 18, 19),
(218, 18, 8),
(219, 18, 45),
(220, 18, 25),
(221, 18, 46),
(222, 18, 29),
(223, 19, 4),
(224, 19, 44),
(225, 19, 21),
(226, 19, 20),
(227, 19, 39),
(228, 19, 41),
(229, 19, 6),
(230, 19, 38),
(231, 19, 42),
(232, 19, 31),
(238, 20, 1),
(239, 20, 5),
(240, 20, 48),
(241, 20, 36),
(242, 20, 24),
(243, 20, 14),
(244, 20, 18),
(245, 20, 11),
(246, 20, 27),
(247, 20, 34),
(253, 21, 22),
(254, 21, 19),
(255, 21, 8),
(256, 21, 43),
(257, 21, 17),
(258, 21, 46),
(259, 21, 32),
(260, 22, 30),
(261, 22, 44),
(262, 22, 21),
(263, 22, 20),
(264, 22, 39),
(265, 22, 41),
(266, 22, 6),
(267, 22, 38),
(268, 22, 42),
(269, 22, 45),
(275, 23, 7),
(276, 23, 5),
(277, 23, 48),
(278, 23, 36),
(279, 23, 24),
(280, 23, 31),
(281, 23, 25),
(282, 23, 11),
(283, 23, 27),
(284, 23, 34),
(290, 24, 22),
(291, 24, 19),
(292, 24, 12),
(293, 24, 47),
(294, 24, 18),
(295, 24, 46),
(296, 24, 49),
(297, 25, 35),
(298, 25, 44),
(299, 25, 21),
(300, 25, 20),
(301, 25, 39),
(302, 25, 41),
(303, 25, 8),
(304, 25, 38),
(305, 25, 42),
(306, 25, 45),
(312, 26, 30),
(313, 26, 5),
(314, 26, 48),
(315, 26, 36),
(316, 26, 24),
(317, 26, 13),
(318, 26, 25),
(319, 26, 11),
(320, 26, 27),
(321, 26, 34),
(327, 27, 1),
(328, 27, 19),
(329, 27, 12),
(330, 27, 43),
(331, 27, 18),
(332, 27, 46),
(333, 27, 40),
(334, 28, 23),
(335, 28, 44),
(336, 28, 21),
(337, 28, 20),
(338, 28, 39),
(339, 28, 41),
(340, 28, 8),
(341, 28, 38),
(342, 28, 42),
(343, 28, 45),
(349, 29, 28),
(350, 29, 5),
(351, 29, 48),
(352, 29, 36),
(353, 29, 6),
(354, 29, 47),
(355, 29, 17),
(356, 29, 11),
(357, 29, 27),
(358, 29, 34),
(364, 30, 15),
(365, 30, 19),
(366, 30, 12),
(367, 30, 14),
(368, 30, 25),
(369, 30, 46),
(370, 30, 32),
(371, 31, 10),
(372, 31, 44),
(373, 31, 21),
(374, 31, 20),
(375, 31, 39),
(376, 31, 41),
(377, 31, 8),
(378, 31, 38),
(379, 31, 42),
(380, 31, 43),
(386, 32, 37),
(387, 32, 5),
(388, 32, 48),
(389, 32, 36),
(390, 32, 24),
(391, 32, 13),
(392, 32, 17),
(393, 32, 11),
(394, 32, 27),
(395, 32, 34),
(401, 33, 7),
(402, 33, 19),
(403, 33, 6),
(404, 33, 9),
(405, 33, 18),
(406, 33, 46),
(407, 33, 40),
(408, 34, 23),
(409, 34, 44),
(410, 34, 21),
(411, 34, 20),
(412, 34, 39),
(413, 34, 41),
(414, 34, 12),
(415, 34, 38),
(416, 34, 42),
(417, 34, 45),
(423, 35, 28),
(424, 35, 5),
(425, 35, 48),
(426, 35, 36),
(427, 35, 24),
(428, 35, 13),
(429, 35, 25),
(430, 35, 11),
(431, 35, 27),
(432, 35, 34),
(438, 36, 22),
(439, 36, 19),
(440, 36, 8),
(441, 36, 43),
(442, 36, 17),
(443, 36, 46),
(444, 36, 29),
(445, 37, 30),
(446, 37, 44),
(447, 37, 21),
(448, 37, 20),
(449, 37, 39),
(450, 37, 41),
(451, 37, 6),
(452, 37, 38),
(453, 37, 42),
(454, 37, 31),
(460, 38, 16),
(461, 38, 5),
(462, 38, 48),
(463, 38, 36),
(464, 38, 12),
(465, 38, 9),
(466, 38, 25),
(467, 38, 11),
(468, 38, 27),
(469, 38, 34),
(475, 39, 3),
(476, 39, 19),
(477, 39, 24),
(478, 39, 47),
(479, 39, 18),
(480, 39, 46),
(481, 39, 29),
(482, 40, 2),
(483, 40, 44),
(484, 40, 21),
(485, 40, 20),
(486, 40, 39),
(487, 40, 41),
(488, 40, 6),
(489, 40, 38),
(490, 40, 42),
(491, 40, 43),
(497, 41, 15),
(498, 41, 5),
(499, 41, 48),
(500, 41, 36),
(501, 41, 8),
(502, 41, 45),
(503, 41, 17),
(504, 41, 11),
(505, 41, 27),
(506, 41, 34),
(512, 42, 26),
(513, 42, 19),
(514, 42, 24),
(515, 42, 13),
(516, 42, 18),
(517, 42, 46),
(518, 42, 32),
(519, 43, 4),
(520, 43, 44),
(521, 43, 21),
(522, 43, 20),
(523, 43, 39),
(524, 43, 41),
(525, 43, 6),
(526, 43, 38),
(527, 43, 42),
(528, 43, 31),
(534, 44, 50),
(535, 44, 5),
(536, 44, 48),
(537, 44, 36),
(538, 44, 12),
(539, 44, 9),
(540, 44, 17),
(541, 44, 11),
(542, 44, 27),
(543, 44, 34),
(549, 45, 1),
(550, 45, 19),
(551, 45, 24),
(552, 45, 47),
(553, 45, 25),
(554, 45, 46),
(555, 45, 40),
(556, 46, 3),
(557, 46, 44),
(558, 46, 21),
(559, 46, 20),
(560, 46, 39),
(561, 46, 41),
(562, 46, 6),
(563, 46, 38),
(564, 46, 42),
(565, 46, 45),
(571, 47, 33),
(572, 47, 5),
(573, 47, 48),
(574, 47, 36),
(575, 47, 8),
(576, 47, 31),
(577, 47, 17),
(578, 47, 11),
(579, 47, 27),
(580, 47, 34),
(586, 48, 35),
(587, 48, 19),
(588, 48, 12),
(589, 48, 13),
(590, 48, 18),
(591, 48, 46),
(592, 48, 40),
(593, 49, 1),
(594, 49, 44),
(595, 49, 21),
(596, 49, 20),
(597, 49, 39),
(598, 49, 41),
(599, 49, 6),
(600, 49, 38),
(601, 49, 42),
(602, 49, 43),
(608, 50, 2),
(609, 50, 5),
(610, 50, 48),
(611, 50, 36),
(612, 50, 24),
(613, 50, 47),
(614, 50, 25),
(615, 50, 11),
(616, 50, 27),
(617, 50, 34),
(623, 51, 30),
(624, 51, 19),
(625, 51, 8),
(626, 51, 9),
(627, 51, 17),
(628, 51, 46),
(629, 51, 32),
(630, 52, 26),
(631, 52, 44),
(632, 52, 21),
(633, 52, 20),
(634, 52, 39),
(635, 52, 41),
(636, 52, 6),
(637, 52, 38),
(638, 52, 42),
(639, 52, 13),
(645, 53, 50),
(646, 53, 5),
(647, 53, 48),
(648, 53, 36),
(649, 53, 12),
(650, 53, 47),
(651, 53, 18),
(652, 53, 11),
(653, 53, 27),
(654, 53, 34),
(660, 54, 23),
(661, 54, 19),
(662, 54, 24),
(663, 54, 14),
(664, 54, 25),
(665, 54, 46),
(666, 54, 49),
(667, 55, 15),
(668, 55, 44),
(669, 55, 21),
(670, 55, 20),
(671, 55, 39),
(672, 55, 41),
(673, 55, 8),
(674, 55, 38),
(675, 55, 42),
(676, 55, 9),
(682, 56, 1),
(683, 56, 5),
(684, 56, 48),
(685, 56, 36),
(686, 56, 6),
(687, 56, 31),
(688, 56, 18),
(689, 56, 11),
(690, 56, 27),
(691, 56, 34),
(697, 57, 10),
(698, 57, 19),
(699, 57, 12),
(700, 57, 45),
(701, 57, 17),
(702, 57, 46),
(703, 57, 32),
(704, 58, 2),
(705, 58, 44),
(706, 58, 21),
(707, 58, 20),
(708, 58, 39),
(709, 58, 41),
(710, 58, 8),
(711, 58, 38),
(712, 58, 42),
(713, 58, 13),
(719, 59, 22),
(720, 59, 5),
(721, 59, 48),
(722, 59, 36),
(723, 59, 24),
(724, 59, 14),
(725, 59, 25),
(726, 59, 11),
(727, 59, 27),
(728, 59, 34),
(734, 60, 23),
(735, 60, 19),
(736, 60, 6),
(737, 60, 31),
(738, 60, 17),
(739, 60, 46),
(740, 60, 29),
(741, 61, 37),
(742, 61, 44),
(743, 61, 21),
(744, 61, 20),
(745, 61, 39),
(746, 61, 41),
(747, 61, 8),
(748, 61, 38),
(749, 61, 42),
(750, 61, 13),
(756, 62, 4),
(757, 62, 5),
(758, 62, 48),
(759, 62, 36),
(760, 62, 24),
(761, 62, 9),
(762, 62, 18),
(763, 62, 11),
(764, 62, 27),
(765, 62, 34),
(771, 63, 2),
(772, 63, 19),
(773, 63, 6),
(774, 63, 14),
(775, 63, 25),
(776, 63, 46),
(777, 63, 32),
(778, 64, 3),
(779, 64, 44),
(780, 64, 21),
(781, 64, 20),
(782, 64, 39),
(783, 64, 41),
(784, 64, 12),
(785, 64, 38),
(786, 64, 42),
(787, 64, 31),
(793, 65, 4),
(794, 65, 5),
(795, 65, 48),
(796, 65, 36),
(797, 65, 24),
(798, 65, 13),
(799, 65, 18),
(800, 65, 11),
(801, 65, 27),
(802, 65, 34),
(808, 66, 23),
(809, 66, 19),
(810, 66, 8),
(811, 66, 47),
(812, 66, 17),
(813, 66, 46),
(814, 66, 29),
(815, 67, 15),
(816, 67, 44),
(817, 67, 21),
(818, 67, 20),
(819, 67, 39),
(820, 67, 41),
(821, 67, 12),
(822, 67, 38),
(823, 67, 42),
(824, 67, 14),
(830, 68, 33),
(831, 68, 5),
(832, 68, 48),
(833, 68, 36),
(834, 68, 6),
(835, 68, 45),
(836, 68, 18),
(837, 68, 11),
(838, 68, 27),
(839, 68, 34),
(845, 69, 10),
(846, 69, 19),
(847, 69, 8),
(848, 69, 43),
(849, 69, 25),
(850, 69, 46),
(851, 69, 32),
(852, 70, 50),
(853, 70, 44),
(854, 70, 21),
(855, 70, 20),
(856, 70, 39),
(857, 70, 41),
(858, 70, 24),
(859, 70, 38),
(860, 70, 42),
(861, 70, 9),
(867, 71, 33),
(868, 71, 5),
(869, 71, 48),
(870, 71, 36),
(871, 71, 12),
(872, 71, 13),
(873, 71, 17),
(874, 71, 11),
(875, 71, 27),
(876, 71, 34),
(882, 72, 3),
(883, 72, 19),
(884, 72, 6),
(885, 72, 31),
(886, 72, 25),
(887, 72, 46),
(888, 72, 40),
(889, 73, 28),
(890, 73, 44),
(891, 73, 21),
(892, 73, 20),
(893, 73, 39),
(894, 73, 41),
(895, 73, 24),
(896, 73, 38),
(897, 73, 42),
(898, 73, 9),
(904, 74, 22),
(905, 74, 5),
(906, 74, 48),
(907, 74, 36),
(908, 74, 12),
(909, 74, 43),
(910, 74, 18),
(911, 74, 11),
(912, 74, 27),
(913, 74, 34),
(919, 75, 50),
(920, 75, 19),
(921, 75, 8),
(922, 75, 13),
(923, 75, 17),
(924, 75, 46),
(925, 75, 32),
(926, 76, 2),
(927, 76, 44),
(928, 76, 21),
(929, 76, 20),
(930, 76, 39),
(931, 76, 41),
(932, 76, 6),
(933, 76, 38),
(934, 76, 42),
(935, 76, 9),
(941, 77, 37),
(942, 77, 5),
(943, 77, 48),
(944, 77, 36),
(945, 77, 12),
(946, 77, 45),
(947, 77, 25),
(948, 77, 11),
(949, 77, 27),
(950, 77, 34),
(956, 78, 30),
(957, 78, 19),
(958, 78, 8),
(959, 78, 13),
(960, 78, 17),
(961, 78, 46),
(962, 78, 49),
(963, 79, 15),
(964, 79, 44),
(965, 79, 21),
(966, 79, 20),
(967, 79, 39),
(968, 79, 41),
(969, 79, 24),
(970, 79, 38),
(971, 79, 42),
(972, 79, 43),
(978, 80, 33),
(979, 80, 5),
(980, 80, 48),
(981, 80, 36),
(982, 80, 6),
(983, 80, 31),
(984, 80, 18),
(985, 80, 11),
(986, 80, 27),
(987, 80, 34);

-- --------------------------------------------------------

--
-- Δομή πίνακα για τον πίνακα `competition`
--

CREATE TABLE `competition` (
  `competition_id` int(11) NOT NULL,
  `number_of_episodes` int(2) NOT NULL,
  `year` year(4) NOT NULL
) ENGINE=InnoDB DEFAULT CHARSET=utf8mb4 COLLATE=utf8mb4_general_ci;

--
-- Άδειασμα δεδομένων του πίνακα `competition`
--

INSERT INTO `competition` (`competition_id`, `number_of_episodes`, `year`) VALUES
(1, 10, '2024'),
(2, 10, '2025'),
(3, 10, '2026'),
(4, 10, '2027'),
(5, 10, '2028'),
(6, 10, '2029'),
(7, 10, '2030'),
(8, 10, '2031');

-- --------------------------------------------------------

--
-- Δομή πίνακα για τον πίνακα `episode`
--

CREATE TABLE `episode` (
  `episode_id` int(11) NOT NULL,
  `competition_id` int(11) NOT NULL,
  `number` int(11) NOT NULL,
  `date` date NOT NULL
) ENGINE=InnoDB DEFAULT CHARSET=utf8mb4 COLLATE=utf8mb4_general_ci;

--
-- Άδειασμα δεδομένων του πίνακα `episode`
--

INSERT INTO `episode` (`episode_id`, `competition_id`, `number`, `date`) VALUES
(1, 1, 1, '2024-01-01'),
(2, 1, 2, '2024-01-16'),
(3, 1, 3, '2024-01-31'),
(4, 1, 4, '2024-02-15'),
(5, 1, 5, '2024-03-01'),
(6, 1, 6, '2024-03-16'),
(7, 1, 7, '2024-03-31'),
(8, 1, 8, '2024-04-15'),
(9, 1, 9, '2024-04-30'),
(10, 1, 10, '2024-05-15'),
(11, 2, 1, '2025-02-01'),
(12, 2, 2, '2025-02-16'),
(13, 2, 3, '2025-03-03'),
(14, 2, 4, '2025-03-18'),
(15, 2, 5, '2025-04-02'),
(16, 2, 6, '2025-04-17'),
(17, 2, 7, '2025-05-02'),
(18, 2, 8, '2025-05-17'),
(19, 2, 9, '2025-06-01'),
(20, 2, 10, '2025-06-16'),
(21, 3, 1, '2026-03-01'),
(22, 3, 2, '2026-03-16'),
(23, 3, 3, '2026-03-31'),
(24, 3, 4, '2026-04-15'),
(25, 3, 5, '2026-04-30'),
(26, 3, 6, '2026-05-15'),
(27, 3, 7, '2026-05-30'),
(28, 3, 8, '2026-06-14'),
(29, 3, 9, '2026-06-29'),
(30, 3, 10, '2026-07-14'),
(31, 4, 1, '2027-04-01'),
(32, 4, 2, '2027-04-16'),
(33, 4, 3, '2027-05-01'),
(34, 4, 4, '2027-05-16'),
(35, 4, 5, '2027-05-31'),
(36, 4, 6, '2027-06-15'),
(37, 4, 7, '2027-06-30'),
(38, 4, 8, '2027-07-15'),
(39, 4, 9, '2027-07-30'),
(40, 4, 10, '2027-08-14'),
(41, 5, 1, '2028-05-01'),
(42, 5, 2, '2028-05-16'),
(43, 5, 3, '2028-05-31'),
(44, 5, 4, '2028-06-15'),
(45, 5, 5, '2028-06-30'),
(46, 5, 6, '2028-07-15'),
(47, 5, 7, '2028-07-30'),
(48, 5, 8, '2028-08-14'),
(49, 5, 9, '2028-08-29'),
(50, 5, 10, '2028-09-13'),
(51, 6, 1, '2029-06-01'),
(52, 6, 2, '2029-06-16'),
(53, 6, 3, '2029-07-01'),
(54, 6, 4, '2029-07-16'),
(55, 6, 5, '2029-07-31'),
(56, 6, 6, '2029-08-15'),
(57, 6, 7, '2029-08-30'),
(58, 6, 8, '2029-09-14'),
(59, 6, 9, '2029-09-29'),
(60, 6, 10, '2029-10-14'),
(61, 7, 1, '2030-07-01'),
(62, 7, 2, '2030-07-16'),
(63, 7, 3, '2030-07-31'),
(64, 7, 4, '2030-08-15'),
(65, 7, 5, '2030-08-30'),
(66, 7, 6, '2030-09-14'),
(67, 7, 7, '2030-09-29'),
(68, 7, 8, '2030-10-14'),
(69, 7, 9, '2030-10-29'),
(70, 7, 10, '2030-11-13'),
(71, 8, 1, '2031-08-01'),
(72, 8, 2, '2031-08-16'),
(73, 8, 3, '2031-08-31'),
(74, 8, 4, '2031-09-15'),
(75, 8, 5, '2031-09-30'),
(76, 8, 6, '2031-10-15'),
(77, 8, 7, '2031-10-30'),
(78, 8, 8, '2031-11-14'),
(79, 8, 9, '2031-11-29'),
(80, 8, 10, '2031-12-14');

-- --------------------------------------------------------

--
-- Δομή πίνακα για τον πίνακα `equipment`
--

CREATE TABLE `equipment` (
  `equipment_id` int(11) NOT NULL,
  `name` varchar(45) NOT NULL,
  `instruction` text NOT NULL
) ENGINE=InnoDB DEFAULT CHARSET=utf8mb4 COLLATE=utf8mb4_general_ci;

--
-- Άδειασμα δεδομένων του πίνακα `equipment`
--

INSERT INTO `equipment` (`equipment_id`, `name`, `instruction`) VALUES
(1, 'Chef\'s Knife', 'Hold the knife with a firm grip, place the ingredient on a cutting board, and use a rocking motion to cut through the food.'),
(2, 'Paring Knife', 'Hold the knife with a comfortable grip, and use controlled movements to peel or cut small items.'),
(3, 'Cutting Board', 'Place the cutting board on a stable surface to prevent slipping. Use different boards for meats and vegetables to avoid cross-contamination.'),
(4, 'Mixing Bowls', 'Choose a bowl size appropriate for the amount of ingredients. Use the bowl to combine ingredients as needed for your recipe.'),
(5, 'Measuring Cups and Spoons', 'Use dry measuring cups for dry ingredients (flour, sugar) and liquid measuring cups for liquids (water, milk). Level off dry ingredients with a straight edge.'),
(6, 'Wooden Spoon', 'Use the spoon to stir ingredients in pots and pans, ensuring even cooking and preventing sticking.'),
(7, 'Whisk', 'Hold the whisk and move it in a circular motion to mix or aerate ingredients.'),
(8, 'Tongs', 'Squeeze the handles to grip the food securely, then release to drop or turn the food.'),
(9, 'Spatula', 'Slide the spatula under the food and lift gently to turn or serve.'),
(10, 'Ladle', 'Dip the ladle into the liquid and lift, keeping it steady to avoid spills, and pour into bowls or containers.'),
(11, 'Peeler', 'Hold the peeler in one hand and the vegetable or fruit in the other. Pull the peeler towards you or away from you to remove the skin.'),
(12, 'Grater', 'Hold the grater with one hand and the ingredient with the other. Move the ingredient against the grater in a downward motion.'),
(13, 'Colander', 'Place the colander in the sink. Pour the contents you need to drain into the colander, allowing the liquid to pass through the holes.'),
(14, 'Grill or Grill Pan', 'Preheat the grill or grill pan. Place the food on the grill and cook, turning as necessary, until done.'),
(15, 'Blender or Immersion Blender', 'Add ingredients to the blender and secure the lid. Blend until the desired consistency is reached. For immersion blenders, place the blade in the container and blend.'),
(16, 'Dutch Oven or Large Pot', 'Heat the pot on the stove. Add ingredients and cook according to the recipe.'),
(17, 'Pie Dish and Tart Pan', 'Prepare the crust and filling. Place the crust in the dish or pan, add the filling, and bake according to the recipe.'),
(18, 'Rolling Pin', 'Place the dough on a floured surface and roll it out to the desired thickness with the pin.'),
(19, 'Baking Sheet', 'Line the sheet with parchment paper or a silicone mat if necessary. Place the food on the sheet and bake as directed.'),
(20, 'Skillet or Sauté Pan', 'Heat the pan on the stove, add oil or butter, and cook the ingredients as required.'),
(21, 'Saucepan', 'Add ingredients to the saucepan and cook over medium heat, stirring as necessary.'),
(22, 'Baking Dish', 'Prepare the ingredients and place them in the baking dish. Bake according to the recipe.'),
(23, 'Meat Thermometer', 'Insert the thermometer into the thickest part of the meat to check for doneness.'),
(24, 'Griddle or Non-stick Skillet', 'Preheat the griddle or skillet and cook the food, flipping as necessary.'),
(25, 'Stockpot', 'Add ingredients to the pot and cook over medium to high heat, stirring occasionally.'),
(26, 'Mixer (Stand or Handheld)', 'Attach the appropriate mixing attachment. Add ingredients to the bowl and mix at the desired speed.'),
(27, 'Air Fryer', 'Preheat the air fryer if needed, place the food in the basket, and set the temperature and time according to the recipe.'),
(28, 'Skewers', 'Thread the food onto the skewers and place them on the grill. Turn as necessary to cook evenly.');

-- --------------------------------------------------------

--
-- Δομή πίνακα για τον πίνακα `food_category`
--

CREATE TABLE `food_category` (
  `category_id` int(11) NOT NULL,
  `name` varchar(45) NOT NULL,
  `description` text NOT NULL
) ENGINE=InnoDB DEFAULT CHARSET=utf8mb4 COLLATE=utf8mb4_general_ci;

--
-- Άδειασμα δεδομένων του πίνακα `food_category`
--

INSERT INTO `food_category` (`category_id`, `name`, `description`) VALUES
(1, 'vegetables', ''),
(2, 'fruit', ''),
(3, 'cereals', 'bread,pasta,rice,potatoes'),
(4, 'milk and dairy products', 'no butter'),
(5, 'red meat', 'beef pork etc'),
(6, 'white meat and poultry', 'chicken'),
(7, 'eggs', ''),
(8, 'fish and seafood', ''),
(9, 'legumes', ''),
(10, 'added lipids, olives and nuts', '');

-- --------------------------------------------------------

--
-- Δομή πίνακα για τον πίνακα `ingredient`
--

CREATE TABLE `ingredient` (
  `ingredient_id` int(11) NOT NULL,
  `name` varchar(45) NOT NULL,
  `category_id` int(11) NOT NULL,
  `image` int(11) NOT NULL
) ENGINE=InnoDB DEFAULT CHARSET=utf8mb4 COLLATE=utf8mb4_general_ci;

--
-- Άδειασμα δεδομένων του πίνακα `ingredient`
--

INSERT INTO `ingredient` (`ingredient_id`, `name`, `category_id`, `image`) VALUES
(1, 'Chicken breasts', 6, 0),
(2, 'Olive oil', 10, 0),
(3, 'Garlic', 1, 0),
(4, 'Paprika', 10, 0),
(5, 'Cayenne pepper', 10, 0),
(6, 'Salt', 10, 0),
(7, 'Black pepper', 10, 0),
(8, 'Lemon juice', 2, 0),
(9, 'Tomatoes', 2, 0),
(10, 'Onion', 1, 0),
(11, 'Garlic', 1, 0),
(12, 'Vegetable or chicken broth', 4, 0),
(13, 'Heavy cream', 4, 0),
(14, 'Butter', 4, 0),
(15, 'Salt', 10, 0),
(16, 'Black pepper', 10, 0),
(17, 'Fresh basil', 1, 0),
(18, 'Stewing beef', 5, 0),
(19, 'Carrots', 1, 0),
(20, 'Potatoes', 3, 0),
(21, 'Onion', 1, 0),
(22, 'Garlic', 1, 0),
(23, 'Beef broth', 4, 0),
(24, 'Tomato paste', 2, 0),
(25, 'Worcestershire sauce', 10, 0),
(26, 'Bay leaves', 7, 0),
(27, 'Salt', 10, 0),
(28, 'Black pepper', 10, 0),
(29, 'Olive oil', 10, 0),
(30, 'Flour', 3, 0),
(31, 'Pie crust', 3, 0),
(32, 'Apples', 2, 0),
(33, 'Sugar', 10, 0),
(34, 'Cinnamon', 7, 0),
(35, 'Nutmeg', 7, 0),
(36, 'Lemon juice', 2, 0),
(37, 'Butter', 4, 0),
(38, 'Flour', 3, 0),
(39, 'Pie crust', 3, 0),
(40, 'Lemons', 2, 0),
(41, 'Sugar', 10, 0),
(42, 'Eggs', 7, 0),
(43, 'Butter', 4, 0),
(44, 'Cornstarch', 3, 0),
(45, 'French bread or baguette', 3, 0),
(46, 'Butter', 4, 0),
(47, 'Garlic', 1, 0),
(48, 'Parsley', 1, 0),
(49, 'Mozzarella cheese', 4, 0),
(50, 'Parmesan cheese', 4, 0),
(51, 'Assorted vegetables', 1, 0),
(52, 'Olive oil', 10, 0),
(53, 'Garlic', 1, 0),
(54, 'Salt', 10, 0),
(55, 'Black pepper', 10, 0),
(56, 'Italian seasoning', 7, 0),
(57, 'Shrimp', 8, 0),
(58, 'Pasta', 3, 0),
(59, 'Olive oil', 10, 0),
(60, 'Garlic', 1, 0),
(61, 'Red pepper flakes', 7, 0),
(62, 'Cherry tomatoes', 2, 0),
(63, 'Lemon', 2, 0),
(64, 'Parsley', 1, 0),
(65, 'Salt', 10, 0),
(66, 'Black pepper', 10, 0),
(67, 'Parmesan cheese', 4, 0),
(68, 'Lentils', 9, 0),
(69, 'Cucumber', 1, 0),
(70, 'Tomatoes', 2, 0),
(71, 'Red onion', 1, 0),
(72, 'Bell pepper', 1, 0),
(73, 'Olive oil', 10, 0),
(74, 'Lemon juice', 2, 0),
(75, 'Garlic', 1, 0),
(76, 'Cumin', 7, 0),
(77, 'Paprika', 10, 0),
(78, 'Salt', 10, 0),
(79, 'Black pepper', 10, 0),
(80, 'Parsley', 1, 0),
(81, 'All-purpose flour', 3, 0),
(82, 'Baking powder', 7, 0),
(83, 'Sugar', 10, 0),
(84, 'Salt', 10, 0),
(85, 'Milk', 4, 0),
(86, 'Eggs', 7, 0),
(87, 'Butter', 4, 0),
(88, 'Maple syrup', 10, 0),
(89, 'Boneless, skinless chicken breasts', 6, 0),
(90, 'Salt and pepper to taste', 10, 0),
(91, 'Olive oil', 10, 0),
(92, 'Ripe mangoes', 2, 0),
(93, 'Red bell pepper', 1, 0),
(94, 'Red onion', 1, 0),
(95, 'Jalapeño', 1, 0),
(96, 'Limes', 2, 0),
(97, 'Fresh cilantro', 1, 0),
(98, 'Fettuccine', 3, 0),
(99, 'Shrimp', 8, 0),
(100, 'Baby spinach', 1, 0),
(101, 'Parsley', 1, 0),
(102, 'Heavy cream', 4, 0),
(103, 'Grated Parmesan cheese', 4, 0),
(104, 'Salmon fillets', 8, 0),
(105, 'Fresh dill', 1, 0),
(106, 'Fresh thyme', 1, 0),
(107, 'Lemon', 2, 0),
(108, 'Bell peppers', 1, 0),
(109, 'Quinoa', 3, 0),
(110, 'Vegetable broth', 1, 0),
(111, 'Chickpeas', 9, 0),
(112, 'Cherry tomatoes', 1, 0),
(113, 'Kalamata olives', 10, 0),
(114, 'Feta cheese', 4, 0),
(115, 'Honey', 10, 0),
(116, 'Dijon mustard', 10, 0),
(117, 'Apple cider vinegar', 10, 0),
(118, 'Red tomatoes', 1, 0),
(119, 'Large onion', 1, 0),
(120, 'Garlic cloves', 1, 0),
(121, 'Fresh basil leaves', 1, 0),
(122, 'Avocados', 2, 0),
(123, 'Romaine lettuce', 1, 0),
(124, 'Cherry tomatoes', 1, 0),
(125, 'Red onion', 1, 0),
(126, 'Fresh cilantro', 1, 0),
(127, 'Limes', 2, 0),
(128, 'Olive oil', 10, 0),
(129, 'Salt and pepper to taste', 10, 0),
(130, 'Sweet potatoes', 1, 0),
(131, 'Black beans', 9, 0),
(132, 'Olive oil', 10, 0),
(133, 'Chili powder', 10, 0),
(134, 'Cumin', 10, 0),
(135, 'Corn tortillas', 3, 0),
(136, 'Avocado', 2, 0),
(137, 'Lime', 2, 0),
(138, 'Fresh cilantro', 1, 0),
(139, 'Butternut squash', 1, 0),
(140, 'Olive oil', 10, 0),
(141, 'Salt and pepper to taste', 10, 0),
(142, 'Onion', 1, 0),
(143, 'Garlic', 1, 0),
(144, 'Arborio rice', 3, 0),
(145, 'Dry white wine', 7, 0),
(146, 'Chicken broth', 4, 0),
(147, 'Vegetable broth', 4, 0),
(148, 'Parmesan cheese', 4, 0),
(149, 'Fresh sage', 1, 0),
(150, 'Pre-made tart crust', 3, 0),
(151, 'Heavy cream', 4, 0),
(152, 'Dark chocolate', 5, 0),
(153, 'Hazelnut spread', 10, 0),
(154, 'Vanilla extract', 6, 0),
(155, 'Brussels sprouts', 1, 0),
(156, 'Onion', 1, 0),
(157, 'Garlic', 1, 0),
(158, 'Bell peppers', 1, 0),
(159, 'Red onion', 1, 0),
(160, 'Carrots', 1, 0),
(161, 'Celery', 1, 0),
(162, 'Cherry tomatoes', 1, 0),
(163, 'Spinach', 1, 0),
(164, 'Portobello mushrooms', 1, 0),
(165, 'Zucchini', 1, 0),
(166, 'Cucumbers', 1, 0),
(167, 'Tomatoes', 1, 0),
(168, 'Mixed vegetables', 1, 0),
(169, 'Fresh herbs (rosemary, thyme, parsley)', 1, 0),
(170, 'Fresh basil', 1, 0),
(171, 'Fresh cilantro', 1, 0),
(172, 'Kimchi', 1, 0),
(173, 'Green onions', 1, 0),
(174, 'Fresh sage', 1, 0),
(175, 'Pineapple chunks', 2, 0),
(176, 'Oranges', 2, 0),
(177, 'Grapefruit', 2, 0),
(178, 'Lime juice', 2, 0),
(179, 'Lemon juice', 2, 0),
(180, 'Lemon zest', 2, 0),
(181, 'Lemon', 2, 0),
(182, 'Mango', 2, 0),
(183, 'Blueberry preserves', 2, 0),
(184, 'Raspberries', 2, 0),
(185, 'Apple', 2, 0),
(186, 'Rice', 3, 0),
(187, 'Arborio rice', 3, 0),
(188, 'Couscous', 3, 0),
(189, 'Quinoa', 3, 0),
(190, 'Flour', 3, 0),
(191, 'Graham cracker crumbs', 3, 0),
(192, 'Oats', 3, 0),
(193, 'Egg noodles', 3, 0),
(194, 'Butter', 4, 0),
(195, 'Heavy cream', 4, 0),
(196, 'Cream cheese', 4, 0),
(197, 'Sour cream', 4, 0),
(198, 'Parmesan cheese', 4, 0),
(199, 'Cheese', 4, 0),
(200, 'Feta cheese', 4, 0),
(201, 'Milk', 4, 0),
(202, 'Thinly sliced beef', 5, 0),
(203, 'Pork chops', 5, 0),
(204, 'Chicken breasts', 6, 0),
(205, 'Chicken', 6, 0),
(206, 'Cooked bacon', 6, 0),
(207, 'Eggs', 7, 0),
(208, 'Salmon fillets', 8, 0),
(209, 'Shrimp', 8, 0),
(210, 'Scallops', 8, 0),
(211, 'Chickpeas', 9, 0),
(212, 'Black beans', 9, 0),
(213, 'Lentils', 9, 0),
(214, 'Olive oil', 10, 0),
(215, 'Peanut butter', 10, 0),
(216, 'Soy sauce', 10, 0),
(217, 'Sriracha', 10, 0),
(218, 'Peanuts', 10, 0),
(219, 'Maple syrup', 10, 0),
(220, 'Dijon mustard', 10, 0),
(221, 'Vanilla extract', 10, 0),
(222, 'Honey', 10, 0),
(223, 'Fish sauce', 10, 0),
(224, 'Balsamic glaze', 10, 0),
(225, 'Chia seeds', 10, 0),
(226, 'Almonds', 10, 0),
(227, 'Salt', 10, 0),
(228, 'Pepper', 10, 0),
(229, 'Sugar', 10, 0),
(230, 'Paprika', 10, 0),
(231, 'Cumin', 10, 0),
(232, 'Cinnamon', 10, 0),
(233, 'Coriander', 10, 0),
(234, 'Curry powder', 10, 0),
(235, 'Ginger', 10, 0),
(236, 'Coconut milk', 10, 0),
(237, 'Coconut oil', 10, 0),
(238, 'Sesame oil', 10, 0),
(239, 'Tahini', 10, 0),
(240, 'Sun-dried tomatoes', 10, 0),
(241, 'Raisins', 10, 0),
(242, 'Tomato paste', 10, 0);

-- --------------------------------------------------------

--
-- Δομή πίνακα για τον πίνακα `judge`
--

CREATE TABLE `judge` (
  `judge_id` int(11) NOT NULL,
  `first_name` varchar(45) NOT NULL,
  `last_name` varchar(45) NOT NULL,
  `image` int(11) NOT NULL
) ENGINE=InnoDB DEFAULT CHARSET=utf8mb4 COLLATE=utf8mb4_general_ci;

--
-- Άδειασμα δεδομένων του πίνακα `judge`
--

INSERT INTO `judge` (`judge_id`, `first_name`, `last_name`, `image`) VALUES
(1, 'Shaun', 'Hallows', 0),
(2, 'Bil', 'Seabourne', 0),
(3, 'Mikol', 'Saggers', 0),
(4, 'Rasia', 'Snoday', 0),
(5, 'Lucina', 'Wintle', 0),
(6, 'Sansone', 'Heningham', 0),
(7, 'Karlan', 'Sorensen', 0),
(8, 'Sterne', 'Blackford', 0),
(9, 'Alethea', 'Copcote', 0),
(10, 'Jefferey', 'Hannaby', 0),
(11, 'Dell', 'Gummary', 0),
(12, 'Sherwood', 'Giraudoux', 0),
(13, 'Nanine', 'Wyldbore', 0),
(14, 'Valeria', 'Bambrough', 0),
(15, 'Bonni', 'de Courcy', 0),
(16, 'Leelah', 'Riseborough', 0),
(17, 'Fletch', 'Baptist', 0),
(18, 'Janene', 'Claque', 0),
(19, 'Georgena', 'Panks', 0),
(20, 'Hettie', 'Ingman', 0),
(21, 'York', 'Alderton', 0),
(22, 'Myrwyn', 'Grinley', 0),
(23, 'Ingamar', 'De Ferrari', 0),
(24, 'Linc', 'Regorz', 0),
(25, 'Gayel', 'Venus', 0),
(26, 'Annadiana', 'McOrkill', 0),
(27, 'Corenda', 'Hember', 0),
(28, 'Omero', 'Camidge', 0),
(29, 'Fabian', 'Belchambers', 0),
(30, 'Lotta', 'Styche', 0),
(31, 'Winona', 'Wawer', 0),
(32, 'Letti', 'Mingay', 0),
(33, 'Tawsha', 'Synnott', 0),
(34, 'Hakim', 'Kinze', 0),
(35, 'Daphna', 'Tamburo', 0),
(36, 'Erny', 'Markussen', 0),
(37, 'Ches', 'De Caville', 0),
(38, 'Kimball', 'Yarnley', 0),
(39, 'Easter', 'Callen', 0),
(40, 'Maurise', 'Bowich', 0),
(41, 'Igor', 'Harling', 0),
(42, 'Sada', 'Cottrell', 0),
(43, 'Bryon', 'Bampton', 0),
(44, 'Bordie', 'Bows', 0),
(45, 'Alyssa', 'Moehle', 0),
(46, 'Boote', 'Tuftin', 0),
(47, 'Ashlie', 'Pendred', 0),
(48, 'Tamiko', 'Earingey', 0),
(49, 'Starlin', 'Hackford', 0),
(50, 'Yves', 'Chave', 0),
(51, 'Laural', 'Bartak', 0),
(52, 'Doris', 'Semeniuk', 0),
(53, 'Markos', 'Silk', 0),
(54, 'Marni', 'Ca', 0),
(55, 'Lesly', 'Iacovides', 0),
(56, 'Tedi', 'Rosson', 0),
(57, 'Babbette', 'Kochl', 0),
(58, 'Helli', 'Cottu', 0),
(59, 'Homer', 'Yushmanov', 0),
(60, 'Elbertina', 'Wildash', 0),
(61, 'Cami', 'Hardern', 0),
(62, 'Ulrikaumeko', 'Treleaven', 0),
(63, 'Eldon', 'Gauson', 0),
(64, 'Eadith', 'Sebastian', 0),
(65, 'Valentijn', 'Menel', 0),
(66, 'Charity', 'Sexty', 0),
(67, 'Shirleen', 'Thaller', 0),
(68, 'Lettie', 'Gibb', 0),
(69, 'Christalle', 'Fosdyke', 0),
(70, 'Abigale', 'Sooley', 0),
(71, 'Jocelin', 'Davies', 0),
(72, 'Rudolph', 'O\'Crotty', 0),
(73, 'Nada', 'Henzley', 0),
(74, 'Waverley', 'Vaneev', 0),
(75, 'Kaine', 'Penkethman', 0),
(76, 'Tuckie', 'Treneman', 0),
(77, 'Raine', 'Finnes', 0),
(78, 'Cordi', 'Beilby', 0),
(79, 'Marni', 'Satteford', 0),
(80, 'Ximenez', 'Tellesson', 0),
(81, 'Renell', 'Shier', 0),
(82, 'Sophie', 'Grishakin', 0),
(83, 'Jeno', 'Hulls', 0),
(84, 'Wernher', 'Boutcher', 0),
(85, 'Markus', 'Jandourek', 0),
(86, 'Fowler', 'Axworthy', 0),
(87, 'Laurella', 'Spataro', 0),
(88, 'Devy', 'Houseago', 0),
(89, 'Caro', 'Edmonds', 0),
(90, 'Marmaduke', 'Stellin', 0),
(91, 'Jacklin', 'Tenbrug', 0),
(92, 'Arabel', 'Cradock', 0),
(93, 'Jan', 'Croucher', 0),
(94, 'Maire', 'Dinsmore', 0),
(95, 'Leeann', 'Helliker', 0),
(96, 'Kathrine', 'Fickling', 0),
(97, 'Julianne', 'Schuck', 0),
(98, 'Ross', 'Martinovsky', 0),
(99, 'Georgi', 'Glencross', 0),
(100, 'Edgar', 'Manthroppe', 0);

-- --------------------------------------------------------

--
-- Δομή πίνακα για τον πίνακα `meal_type`
--

CREATE TABLE `meal_type` (
  `meal_id` int(11) NOT NULL,
  `name` varchar(45) NOT NULL
) ENGINE=InnoDB DEFAULT CHARSET=utf8mb4 COLLATE=utf8mb4_general_ci;

--
-- Άδειασμα δεδομένων του πίνακα `meal_type`
--

INSERT INTO `meal_type` (`meal_id`, `name`) VALUES
(1, 'Breakfast'),
(2, 'Elevenses'),
(3, 'Lunch'),
(4, 'Afternoon snack'),
(5, 'Dinner');

-- --------------------------------------------------------

--
-- Δομή πίνακα για τον πίνακα `nutritionalinfo`
--

CREATE TABLE `nutritionalinfo` (
  `nutritional_id` int(11) NOT NULL,
  `recipe_id` int(11) NOT NULL,
  `fat_per_seving` int(11) NOT NULL,
  `protein_per_serving` int(11) NOT NULL,
  `carbohydrates_per_serving` int(11) NOT NULL,
  `calories_per_serving` int(11) NOT NULL
) ENGINE=InnoDB DEFAULT CHARSET=utf8mb4 COLLATE=utf8mb4_general_ci;

--
-- Άδειασμα δεδομένων του πίνακα `nutritionalinfo`
--

INSERT INTO `nutritionalinfo` (`nutritional_id`, `recipe_id`, `fat_per_seving`, `protein_per_serving`, `carbohydrates_per_serving`, `calories_per_serving`) VALUES
(1, 1, 17, 27, 3, 282),
(2, 2, 13, 3, 9, 152),
(3, 3, 22, 23, 22, 364),
(4, 4, 14, 1, 40, 290),
(5, 5, 17, 3, 25, 292),
(6, 6, 15, 11, 32, 306),
(7, 7, 7, 3, 14, 132),
(8, 8, 17, 28, 35, 380),
(9, 9, 11, 15, 42, 312),
(10, 10, 15, 10, 53, 390),
(11, 11, 10, 30, 30, 300),
(12, 12, 20, 40, 60, 600),
(13, 13, 15, 35, 10, 350),
(14, 14, 10, 15, 40, 300),
(15, 15, 12, 25, 15, 280),
(16, 16, 10, 5, 20, 200),
(17, 17, 15, 5, 20, 250),
(18, 18, 8, 10, 30, 250),
(19, 19, 10, 5, 40, 300),
(20, 20, 20, 4, 30, 300),
(21, 21, 15, 35, 35, 420),
(22, 22, 20, 15, 60, 520),
(23, 23, 25, 20, 5, 340),
(24, 24, 35, 15, 60, 600),
(25, 25, 10, 10, 35, 290),
(26, 26, 40, 30, 20, 540),
(27, 27, 10, 15, 60, 410),
(28, 28, 20, 30, 20, 440),
(29, 29, 25, 10, 30, 360),
(30, 30, 15, 5, 40, 320),
(31, 31, 20, 30, 5, 350),
(32, 32, 25, 10, 50, 520),
(33, 33, 15, 5, 30, 320),
(34, 34, 15, 10, 50, 420),
(35, 35, 25, 20, 40, 490),
(36, 36, 40, 15, 60, 680),
(37, 37, 20, 5, 35, 380),
(38, 38, 20, 30, 60, 580),
(39, 39, 20, 30, 40, 470),
(40, 40, 30, 20, 50, 570),
(41, 41, 20, 10, 60, 480),
(42, 42, 25, 25, 40, 520),
(43, 43, 15, 15, 50, 420),
(44, 44, 25, 20, 20, 400),
(45, 45, 10, 10, 40, 300),
(46, 46, 25, 10, 45, 450),
(47, 47, 25, 20, 5, 380),
(48, 48, 20, 40, 5, 390),
(49, 49, 20, 10, 60, 500),
(50, 50, 25, 5, 40, 420);

-- --------------------------------------------------------

--
-- Δομή πίνακα για τον πίνακα `recipe`
--

CREATE TABLE `recipe` (
  `recipe_id` int(11) NOT NULL,
  `name` varchar(45) NOT NULL,
  `description` text NOT NULL,
  `type` varchar(45) NOT NULL,
  `primary_ingredient` text NOT NULL,
  `difficulty_rating` int(11) NOT NULL,
  `prep_time` int(11) NOT NULL,
  `bake_time` int(11) NOT NULL,
  `national_cuisine` varchar(45) NOT NULL,
  `image` int(11) NOT NULL,
  `image_description` text NOT NULL,
  `quantity_portions` int(11) NOT NULL
) ENGINE=InnoDB DEFAULT CHARSET=utf8mb4 COLLATE=utf8mb4_general_ci;

--
-- Άδειασμα δεδομένων του πίνακα `recipe`
--

INSERT INTO `recipe` (`recipe_id`, `name`, `description`, `type`, `primary_ingredient`, `difficulty_rating`, `prep_time`, `bake_time`, `national_cuisine`, `image`, `image_description`, `quantity_portions`) VALUES
(1, 'Spicy Grilled Chicken', 'Succulent chicken breasts marinated in a spicy blend of olive oil, garlic, paprika, cayenne pepper, and lemon juice, grilled to perfection.\r\n\r\n', 'Cooking', 'Chicken', 2, 15, 20, 'American', 0, '', 1),
(2, 'Creamy Tomato Soup', 'A comforting classic made with ripe tomatoes, onions, and garlic simmered in vegetable or chicken broth, blended with heavy cream, and finished with a hint of butter and fresh basil.', 'Cooking', 'Tomatoes', 2, 10, 30, 'American', 0, '', 3),
(3, 'Savory Beef Stew', 'ender chunks of stewing beef, hearty potatoes, and carrots cooked low and slow in a rich broth infused with onions, garlic, tomato paste, Worcestershire sauce, and aromatic bay leaves.', 'Cooking', 'Beef', 3, 20, 120, 'American', 0, '', 2),
(4, 'Sweet Apple Pie', '\r\n Flaky pie crust filled with sweet and spiced apple slices, baked until golden brown and fragrant, perfect for any occasion.', 'Pastry', 'Apples', 3, 30, 50, 'American', 0, '', 1),
(5, 'Tangy Lemon Tart', 'A delightful dessert featuring a buttery crust filled with tangy lemon curd made from fresh lemons, sugar, eggs, and a hint of butter, baked to perfection and garnished with whipped cream.', 'Pastry', 'Lemon', 3, 20, 25, 'French', 0, '', 1),
(6, 'Cheesy Garlic Bread', 'Crispy French bread or baguette slices slathered with garlic-infused butter, topped with a generous layer of melted mozzarella and Parmesan cheese, and sprinkled with fresh parsley.', 'Cooking', 'Bread', 1, 10, 15, 'Italian-American', 0, '', 3),
(7, 'Roasted Veggie Medley', 'Colorful assortment of vegetables roasted to caramelized perfection with olive oil, garlic, and a medley of herbs and spices, resulting in a flavorful and nutritious side dish.', 'Cooking', 'Mixed vegetables', 1, 15, 25, 'American', 0, '', 2),
(8, 'Zesty Shrimp Pasta', 'Succulent shrimp sautéed with garlic and red pepper flakes, tossed with al dente pasta, cherry tomatoes, and fresh parsley in a zesty lemon-infused olive oil sauce, finished with a sprinkle of Parmesan cheese.', 'Cooking', 'Shrimp', 3, 15, 15, 'Italian-American', 0, '', 1),
(9, 'Hearty Lentil Salad', 'Nutritious and satisfying salad featuring hearty lentils mixed with crisp cucumber, juicy tomatoes, red onion, and bell pepper, tossed in a tangy olive oil and lemon dressing, and garnished with fresh parsley.\r\n\r\n', 'Cooking', 'Lentils', 2, 20, 30, 'Mediterranean', 0, '', 3),
(10, 'Fluffy Pancake Stack', 'Light and fluffy pancakes made with a simple batter of all-purpose flour, baking powder, sugar, salt, milk, and eggs, cooked until golden brown and served in a tall stack with butter and maple syrup.', 'Pastry', 'Pancake batter', 1, 10, 20, 'American', 0, '', 3),
(11, 'Spicy Mango Salsa Chicken', 'Juicy grilled chicken breasts topped with a fresh, zesty mango salsa spiced with jalapeños, lime juice, and cilantro, offering a perfect blend of sweet and heat.', 'Cooking', 'Chicken', 3, 20, 25, 'Mexican-American', 0, '', 1),
(12, 'Creamy Garlic Parmesan Shrimp Pasta', 'Tender shrimp sautéed in a rich, creamy garlic Parmesan sauce, served over a bed of al dente fettuccine for a comforting, indulgent meal.', 'Cooking', 'Shrimp', 3, 15, 20, 'Italian-American', 0, '', 2),
(13, 'Herb-Crusted Lemon Salmon', 'Succulent salmon fillets coated in a fragrant herb crust, baked to perfection, and finished with a squeeze of fresh lemon juice for a burst of brightness.', 'Cooking', 'Salmon', 3, 10, 20, 'Mediterranean', 0, '', 1),
(14, 'Mediterranean Quinoa Stuffed Peppers', 'Bell peppers filled with a hearty mix of quinoa, chickpeas, tomatoes, olives, and feta, baked until tender and flavorful for a wholesome vegetarian dish.', 'Cooking', 'Quinoa', 3, 20, 30, 'Mediterranean', 0, '', 1),
(15, 'Honey Glazed Pork Tenderloin', 'Juicy pork tenderloin marinated and glazed with a sweet and tangy honey mixture, roasted to golden perfection for a delightful main course.', 'Cooking', 'Pork', 3, 15, 25, 'American', 0, '', 3),
(16, 'Roasted Red Pepper and Tomato Soup', 'A velvety, savory soup made from roasted red peppers and ripe tomatoes, blended with garlic and basil for a comforting, flavorful bowl of warmth.', 'Cooking', 'Red peppers', 2, 10, 30, 'American', 0, '', 1),
(17, 'Avocado Lime Cilantro Salad', 'A refreshing salad featuring creamy avocado, crisp lettuce, and juicy tomatoes, all tossed in a zesty lime and cilantro dressing for a burst of fresh flavors.\r\n\r\n', 'Cooking', 'Avocado', 1, 15, 0, 'Mexican', 0, '', 3),
(18, 'Sweet Potato Black Bean Tacos', 'Soft tortillas filled with roasted sweet potatoes, black beans, and a hint of smoky spices, topped with fresh avocado and a squeeze of lime for a vibrant, healthy meal.', 'Cooking', 'Sweet potatoes', 2, 20, 20, 'Mexican', 0, '', 3),
(19, 'Butternut Squash and Sage Risotto', 'Creamy arborio rice cooked with tender butternut squash and fragrant sage, finished with Parmesan cheese for a rich, comforting dish perfect for autumn.', 'Cooking', 'Butternut squash', 4, 15, 30, 'Italian', 0, '', 2),
(20, 'Chocolate Hazelnut Tart with Sea Salt', 'A decadent dessert featuring a rich chocolate hazelnut filling in a buttery crust, sprinkled with flaky sea salt to enhance the luscious flavors.', 'Pastry', 'Chocolate', 4, 25, 20, 'French', 0, '', 1),
(21, 'Sweet Chili Pineapple Chicken', 'Juicy chicken thighs marinated in a sweet chili and pineapple sauce, grilled to perfection and served with a side of steamed jasmine rice.', 'Cooking', 'Chicken', 3, 15, 25, 'Asian Fusion', 0, '', 1),
(22, 'Citrus Avocado Quinoa Bowl', 'A vibrant and refreshing bowl filled with fluffy quinoa, creamy avocado slices, tangy citrus segments, and a zesty lime vinaigrette.', 'Cooking', 'Avocado', 2, 20, 15, 'American', 0, '', 3),
(23, 'Garlic Butter Shrimp Skewers', 'Succulent shrimp marinated in a rich garlic butter sauce, skewered and grilled until golden brown, perfect for a summer barbecue.', 'Cooking', 'Shrimp', 2, 15, 10, 'American', 0, '', 1),
(24, 'Creamy Basil Tomato Pasta', 'Al dente pasta tossed in a luscious basil and tomato cream sauce, topped with freshly grated Parmesan cheese and a sprinkle of fresh basil leaves.', 'Cooking', 'Tomatoes', 2, 10, 20, 'Italian-American', 0, '', 1),
(25, 'Smoky Chipotle Veggie Tacos', 'Soft tortillas filled with a smoky chipotle-infused mixture of grilled vegetables, black beans, and topped with avocado crema and cilantro.', 'Cooking', 'Mixed vegetables', 2, 20, 15, 'Mexican', 0, '', 3),
(26, 'Maple Glazed Salmon with Pecans', 'Tender salmon fillets brushed with a sweet and tangy maple glaze, topped with crunchy pecans, and baked until flaky and delicious.', 'Cooking', 'Salmon', 3, 10, 20, 'American', 0, '', 3),
(27, 'Saffron Rice and Lentil Pilaf', 'Fragrant saffron-infused rice mixed with tender lentils, aromatic spices, and garnished with toasted almonds and fresh herbs.', 'Cooking', 'Lentils', 3, 15, 30, 'Middle Eastern', 0, '', 2),
(28, 'Honey Dijon Grilled Pork Chops', 'Juicy pork chops marinated in a sweet and tangy honey Dijon sauce, grilled to perfection and served with roasted vegetables.', 'Cooking', 'Pork', 2, 15, 15, 'American', 0, '', 1),
(29, 'Tropical Coconut Curry Soup', 'A creamy and flavorful soup made with coconut milk, vibrant curry spices, and a medley of tropical vegetables, garnished with fresh cilantro.', 'Cooking', 'Coconut', 3, 15, 25, 'Thai', 0, '', 2),
(30, 'Raspberry Almond Crumble Bars', 'Buttery almond crust topped with sweet raspberry filling and a crumbly almond streusel, baked to golden perfection for a delightful dessert.', 'Pastry', 'Raspberries', 3, 20, 40, 'American', 0, '', 1),
(31, 'Lemon Herb Grilled Chicken', 'Tender chicken breasts marinated in a zesty lemon herb mixture and grilled to perfection.', 'Cooking', 'Chicken', 2, 15, 20, 'Mediterranean', 0, '', 3),
(32, 'Spicy Thai Peanut Noodles', 'Noodles tossed in a spicy and creamy Thai peanut sauce, topped with crunchy peanuts and fresh cilantro.', 'Cooking', 'Noodles', 3, 15, 15, 'Thai', 0, '', 2),
(33, 'Balsamic Glazed Brussels Sprouts', 'Roasted Brussels sprouts drizzled with a sweet and tangy balsamic glaze, perfect as a side dish.', 'Cooking', 'Brussels sprouts', 2, 10, 25, 'American', 0, '', 2),
(34, 'Moroccan Chickpea Stew', 'A hearty stew made with chickpeas, tomatoes, and a blend of Moroccan spices, served with couscous.', 'Cooking', 'Chickpeas', 3, 15, 30, 'Moroccan', 0, '', 3),
(35, 'Cajun Shrimp and Grits', 'Juicy shrimp cooked in a spicy Cajun sauce, served over creamy, buttery grits.', 'Cooking', 'Shrimp', 3, 15, 20, 'American', 0, '', 3),
(36, 'Pesto Pasta with Sun-Dried Tomatoes', 'Pasta tossed in a rich basil pesto sauce with sun-dried tomatoes and Parmesan cheese.', 'Cooking', 'Sun-dried tomatoes', 2, 10, 20, 'Italian', 0, '', 3),
(37, 'Maple Bacon Brussels Sprouts', 'Crispy Brussels sprouts caramelized with maple syrup and bacon, a sweet and savory delight.', 'Cooking', 'Brussels sprouts', 2, 10, 25, 'American', 0, '', 1),
(38, 'Teriyaki Salmon Bowl', 'Grilled salmon fillets glazed with teriyaki sauce, served over rice with steamed vegetables.', 'Cooking', 'Salmon', 3, 15, 20, 'Japanese', 0, '', 1),
(39, 'Greek Chicken Gyros', 'Marinated chicken wrapped in warm pita bread with tzatziki sauce, fresh tomatoes, and onions.', 'Cooking', 'Chicken', 3, 20, 15, 'Greek', 0, '', 2),
(40, 'Coconut Lime Chicken Curry', 'A creamy coconut milk curry with tender chicken pieces, flavored with lime and aromatic spices.', 'Cooking', 'Chicken', 3, 15, 25, 'Thai', 0, '', 2),
(41, 'Butternut Squash Risotto', 'Creamy risotto made with roasted butternut squash, Parmesan cheese, and fresh sage.', 'Cooking', 'Butternut squash', 4, 15, 30, 'Italian', 0, '', 2),
(42, 'Korean BBQ Beef Tacos', 'Soft tortillas filled with marinated Korean BBQ beef, kimchi, and a spicy sriracha mayo.', 'Cooking', 'Beef', 3, 20, 15, 'Korean-Mexican Fusion', 0, '', 1),
(43, 'Mediterranean Quinoa Salad', 'A refreshing salad with quinoa, cucumbers, tomatoes, olives, and feta cheese, tossed in a lemon vinaigrette.', 'Cooking', 'Quinoa', 2, 20, 0, 'Mediterranean', 0, '', 3),
(44, 'Honey Sriracha Chicken Wings', 'Crispy baked chicken wings coated in a sweet and spicy honey sriracha sauce.', 'Cooking', 'Chicken wings', 2, 15, 35, 'American-Asian Fusion', 0, '', 1),
(45, 'Stuffed Bell Peppers with Quinoa', 'Bell peppers stuffed with a flavorful mixture of quinoa, black beans, corn, and spices, then baked until tender.', 'Cooking', 'Bell peppers', 3, 20, 30, 'Mediterranean', 0, '', 3),
(46, 'Creamy Mushroom Stroganoff', 'A rich and creamy stroganoff made with sautéed mushrooms, onions, and a hint of garlic, served over egg noodles.', 'Cooking', 'Mushrooms', 3, 15, 20, 'Russian', 0, '', 1),
(47, 'Lemon Garlic Butter Scallops', 'Seared scallops in a luscious lemon garlic butter sauce, perfect for an elegant dinner.', 'Cooking', 'Scallops', 3, 10, 10, 'Mediterranean', 0, '', 2),
(48, 'Spinach and Feta Stuffed Chicken Breast', 'Juicy chicken breasts stuffed with a savory mixture of spinach, feta, and garlic, then baked to perfection.', 'Cooking', 'Chicken breast', 3, 20, 25, 'Greek', 0, '', 1),
(49, 'Thai Green Curry with Vegetables', 'A fragrant Thai green curry made with assorted vegetables, simmered in a coconut milk-based sauce.', 'Cooking', 'Mixed vegetables', 3, 15, 25, 'Thai', 0, '', 1),
(50, 'Blueberry Lemon Cheesecake Bars', 'Creamy cheesecake bars with a fresh blueberry and lemon swirl, baked on a buttery graham cracker crust.', 'Pastry', 'Blueberries', 4, 25, 35, 'American', 0, '', 2);

-- --------------------------------------------------------

--
-- Δομή πίνακα για τον πίνακα `recipe_chef`
--

CREATE TABLE `recipe_chef` (
  `recipe_chef_id` int(11) NOT NULL,
  `episode_id` int(11) NOT NULL,
  `chef_id` int(11) NOT NULL,
  `recipe_id` int(11) NOT NULL
) ENGINE=InnoDB DEFAULT CHARSET=utf8mb4 COLLATE=utf8mb4_general_ci;

--
-- Άδειασμα δεδομένων του πίνακα `recipe_chef`
--

INSERT INTO `recipe_chef` (`recipe_chef_id`, `episode_id`, `chef_id`, `recipe_id`) VALUES
(1, 1, 21, 39),
(2, 1, 24, 42),
(3, 1, 25, 8),
(4, 1, 29, 21),
(5, 1, 39, 44),
(6, 1, 50, 22),
(7, 1, 64, 22),
(8, 1, 81, 41),
(9, 1, 90, 21),
(10, 1, 91, 22),
(11, 2, 13, 25),
(12, 2, 19, 13),
(13, 2, 28, 48),
(14, 2, 32, 48),
(15, 2, 37, 6),
(16, 2, 38, 6),
(17, 2, 53, 27),
(18, 2, 59, 34),
(19, 2, 75, 25),
(20, 2, 100, 27),
(21, 3, 5, 29),
(22, 3, 6, 46),
(23, 3, 17, 7),
(24, 3, 35, 24),
(25, 3, 45, 47),
(26, 3, 46, 19),
(27, 3, 61, 29),
(28, 3, 68, 18),
(29, 3, 70, 29),
(30, 3, 93, 46),
(31, 4, 24, 38),
(32, 4, 29, 39),
(33, 4, 39, 20),
(34, 4, 57, 44),
(35, 4, 60, 44),
(36, 4, 78, 21),
(37, 4, 80, 41),
(38, 4, 81, 31),
(39, 4, 90, 42),
(40, 4, 94, 35),
(41, 5, 25, 36),
(42, 5, 30, 16),
(43, 5, 43, 25),
(44, 5, 53, 5),
(45, 5, 58, 6),
(46, 5, 62, 34),
(47, 5, 64, 36),
(48, 5, 72, 34),
(49, 5, 91, 48),
(50, 5, 100, 45),
(51, 6, 5, 12),
(52, 6, 10, 12),
(53, 6, 13, 18),
(54, 6, 31, 12),
(55, 6, 37, 49),
(56, 6, 45, 14),
(57, 6, 68, 7),
(58, 6, 75, 7),
(59, 6, 92, 19),
(60, 6, 93, 18),
(61, 7, 23, 39),
(62, 7, 29, 41),
(63, 7, 39, 42),
(64, 7, 46, 38),
(65, 7, 59, 38),
(66, 7, 61, 2),
(67, 7, 63, 2),
(68, 7, 74, 41),
(69, 7, 80, 21),
(70, 7, 81, 2),
(71, 8, 6, 48),
(72, 8, 12, 6),
(73, 8, 16, 5),
(74, 8, 30, 13),
(75, 8, 50, 48),
(76, 8, 53, 34),
(77, 8, 54, 27),
(78, 8, 56, 27),
(79, 8, 64, 48),
(80, 8, 100, 27),
(81, 9, 5, 46),
(82, 9, 26, 19),
(83, 9, 32, 46),
(84, 9, 45, 32),
(85, 9, 48, 32),
(86, 9, 52, 28),
(87, 9, 57, 32),
(88, 9, 77, 46),
(89, 9, 84, 32),
(90, 9, 90, 17),
(91, 10, 21, 42),
(92, 10, 39, 39),
(93, 10, 40, 42),
(94, 10, 46, 42),
(95, 10, 63, 44),
(96, 10, 68, 21),
(97, 10, 80, 39),
(98, 10, 81, 31),
(99, 10, 91, 24),
(100, 10, 92, 31),
(101, 11, 3, 8),
(102, 11, 6, 27),
(103, 11, 22, 11),
(104, 11, 30, 8),
(105, 11, 54, 25),
(106, 11, 56, 11),
(107, 11, 64, 37),
(108, 11, 83, 36),
(109, 11, 98, 11),
(110, 11, 100, 34),
(111, 12, 5, 32),
(112, 12, 10, 46),
(113, 12, 17, 14),
(114, 12, 23, 46),
(115, 12, 25, 12),
(116, 12, 29, 32),
(117, 12, 44, 12),
(118, 12, 45, 18),
(119, 12, 57, 16),
(120, 12, 93, 12),
(121, 13, 9, 20),
(122, 13, 26, 47),
(123, 13, 32, 20),
(124, 13, 39, 47),
(125, 13, 52, 44),
(126, 13, 62, 39),
(127, 13, 77, 44),
(128, 13, 80, 20),
(129, 13, 81, 6),
(130, 13, 84, 21),
(131, 14, 18, 9),
(132, 14, 24, 9),
(133, 14, 28, 5),
(134, 14, 37, 9),
(135, 14, 38, 8),
(136, 14, 66, 9),
(137, 14, 67, 37),
(138, 14, 75, 8),
(139, 14, 91, 11),
(140, 14, 100, 36),
(141, 15, 6, 14),
(142, 15, 23, 14),
(143, 15, 30, 46),
(144, 15, 45, 7),
(145, 15, 58, 19),
(146, 15, 64, 49),
(147, 15, 68, 49),
(148, 15, 70, 46),
(149, 15, 86, 7),
(150, 15, 93, 12),
(151, 16, 16, 39),
(152, 16, 22, 13),
(153, 16, 25, 10),
(154, 16, 39, 38),
(155, 16, 44, 21),
(156, 16, 53, 42),
(157, 16, 56, 41),
(158, 16, 57, 42),
(159, 16, 59, 44),
(160, 16, 81, 20),
(161, 17, 3, 24),
(162, 17, 5, 36),
(163, 17, 12, 11),
(164, 17, 19, 36),
(165, 17, 46, 24),
(166, 17, 50, 36),
(167, 17, 54, 5),
(168, 17, 62, 36),
(169, 17, 80, 48),
(170, 17, 100, 11),
(171, 18, 17, 29),
(172, 18, 38, 30),
(173, 18, 45, 45),
(174, 18, 60, 45),
(175, 18, 63, 25),
(176, 18, 64, 46),
(177, 18, 67, 30),
(178, 18, 75, 8),
(179, 18, 83, 29),
(180, 18, 90, 8),
(181, 19, 6, 6),
(182, 19, 9, 38),
(183, 19, 21, 20),
(184, 19, 31, 41),
(185, 19, 39, 4),
(186, 19, 53, 42),
(187, 19, 66, 20),
(188, 19, 74, 39),
(189, 19, 78, 41),
(190, 19, 81, 4),
(191, 20, 5, 11),
(192, 20, 8, 14),
(193, 20, 19, 11),
(194, 20, 23, 48),
(195, 20, 37, 1),
(196, 20, 48, 34),
(197, 20, 54, 1),
(198, 20, 91, 24),
(199, 20, 94, 34),
(200, 20, 100, 48),
(201, 21, 13, 22),
(202, 21, 24, 46),
(203, 21, 29, 17),
(204, 21, 38, 8),
(205, 21, 45, 17),
(206, 21, 46, 32),
(207, 21, 52, 46),
(208, 21, 75, 8),
(209, 21, 86, 19),
(210, 21, 93, 8),
(211, 22, 6, 39),
(212, 22, 12, 39),
(213, 22, 22, 44),
(214, 22, 31, 41),
(215, 22, 39, 41),
(216, 22, 57, 41),
(217, 22, 60, 30),
(218, 22, 62, 21),
(219, 22, 67, 42),
(220, 22, 81, 21),
(221, 23, 3, 5),
(222, 23, 25, 11),
(223, 23, 26, 25),
(224, 23, 30, 31),
(225, 23, 37, 36),
(226, 23, 58, 36),
(227, 23, 63, 7),
(228, 23, 66, 36),
(229, 23, 91, 24),
(230, 23, 100, 48),
(231, 24, 5, 12),
(232, 24, 10, 49),
(233, 24, 13, 22),
(234, 24, 29, 22),
(235, 24, 45, 12),
(236, 24, 54, 47),
(237, 24, 64, 46),
(238, 24, 74, 46),
(239, 24, 75, 18),
(240, 24, 84, 22),
(241, 25, 6, 45),
(242, 25, 8, 35),
(243, 25, 9, 44),
(244, 25, 12, 42),
(245, 25, 16, 44),
(246, 25, 23, 21),
(247, 25, 39, 42),
(248, 25, 43, 35),
(249, 25, 81, 44),
(250, 25, 92, 21),
(251, 26, 19, 30),
(252, 26, 30, 11),
(253, 26, 46, 27),
(254, 26, 50, 24),
(255, 26, 53, 48),
(256, 26, 63, 25),
(257, 26, 80, 34),
(258, 26, 90, 5),
(259, 26, 93, 24),
(260, 26, 100, 11),
(261, 27, 5, 18),
(262, 27, 40, 40),
(263, 27, 45, 43),
(264, 27, 54, 18),
(265, 27, 57, 46),
(266, 27, 61, 19),
(267, 27, 67, 18),
(268, 27, 75, 43),
(269, 27, 78, 40),
(270, 27, 94, 40),
(271, 28, 3, 38),
(272, 28, 10, 38),
(273, 28, 39, 8),
(274, 28, 43, 21),
(275, 28, 48, 39),
(276, 28, 52, 21),
(277, 28, 62, 8),
(278, 28, 64, 38),
(279, 28, 81, 42),
(280, 28, 84, 44),
(281, 29, 6, 27),
(282, 29, 18, 5),
(283, 29, 23, 47),
(284, 29, 31, 28),
(285, 29, 37, 36),
(286, 29, 38, 48),
(287, 29, 53, 17),
(288, 29, 86, 48),
(289, 29, 93, 34),
(290, 29, 100, 5),
(291, 30, 5, 15),
(292, 30, 8, 19),
(293, 30, 9, 15),
(294, 30, 21, 46),
(295, 30, 25, 46),
(296, 30, 44, 15),
(297, 30, 45, 46),
(298, 30, 74, 14),
(299, 30, 90, 25),
(300, 30, 91, 15),
(301, 31, 3, 20),
(302, 31, 16, 21),
(303, 31, 39, 43),
(304, 31, 57, 20),
(305, 31, 63, 8),
(306, 31, 66, 10),
(307, 31, 75, 44),
(308, 31, 81, 43),
(309, 31, 83, 20),
(310, 31, 92, 8),
(311, 32, 13, 17),
(312, 32, 17, 17),
(313, 32, 26, 24),
(314, 32, 30, 5),
(315, 32, 48, 11),
(316, 32, 54, 34),
(317, 32, 64, 34),
(318, 32, 77, 13),
(319, 32, 78, 48),
(320, 32, 100, 27),
(321, 33, 5, 46),
(322, 33, 6, 7),
(323, 33, 37, 40),
(324, 33, 44, 7),
(325, 33, 45, 19),
(326, 33, 58, 19),
(327, 33, 59, 19),
(328, 33, 61, 40),
(329, 33, 68, 6),
(330, 33, 90, 18),
(331, 34, 21, 21),
(332, 34, 25, 38),
(333, 34, 31, 45),
(334, 34, 39, 45),
(335, 34, 46, 44),
(336, 34, 53, 20),
(337, 34, 62, 42),
(338, 34, 81, 44),
(339, 34, 84, 23),
(340, 34, 85, 21),
(341, 35, 22, 24),
(342, 35, 29, 5),
(343, 35, 35, 36),
(344, 35, 38, 28),
(345, 35, 57, 25),
(346, 35, 63, 48),
(347, 35, 72, 27),
(348, 35, 80, 5),
(349, 35, 91, 27),
(350, 35, 100, 48),
(351, 36, 5, 17),
(352, 36, 9, 8),
(353, 36, 43, 22),
(354, 36, 45, 43),
(355, 36, 58, 17),
(356, 36, 66, 17),
(357, 36, 68, 22),
(358, 36, 75, 22),
(359, 36, 78, 43),
(360, 36, 98, 46),
(361, 37, 13, 6),
(362, 37, 25, 30),
(363, 37, 26, 41),
(364, 37, 37, 30),
(365, 37, 39, 41),
(366, 37, 70, 44),
(367, 37, 77, 21),
(368, 37, 81, 20),
(369, 37, 92, 31),
(370, 37, 93, 44),
(371, 38, 29, 34),
(372, 38, 30, 9),
(373, 38, 32, 27),
(374, 38, 40, 34),
(375, 38, 46, 48),
(376, 38, 48, 16),
(377, 38, 60, 5),
(378, 38, 85, 34),
(379, 38, 91, 12),
(380, 38, 100, 5),
(381, 39, 3, 3),
(382, 39, 5, 24),
(383, 39, 6, 47),
(384, 39, 23, 46),
(385, 39, 45, 46),
(386, 39, 57, 19),
(387, 39, 63, 19),
(388, 39, 83, 47),
(389, 39, 86, 3),
(390, 39, 94, 47),
(391, 40, 21, 41),
(392, 40, 37, 39),
(393, 40, 39, 44),
(394, 40, 54, 43),
(395, 40, 56, 20),
(396, 40, 68, 43),
(397, 40, 74, 39),
(398, 40, 75, 21),
(399, 40, 81, 6),
(400, 40, 84, 2),
(401, 41, 12, 48),
(402, 41, 18, 27),
(403, 41, 30, 45),
(404, 41, 31, 11),
(405, 41, 46, 34),
(406, 41, 48, 45),
(407, 41, 53, 17),
(408, 41, 66, 48),
(409, 41, 72, 48),
(410, 41, 100, 45),
(411, 42, 3, 32),
(412, 42, 5, 24),
(413, 42, 6, 24),
(414, 42, 13, 32),
(415, 42, 26, 24),
(416, 42, 45, 26),
(417, 42, 64, 19),
(418, 42, 70, 26),
(419, 42, 91, 32),
(420, 42, 94, 19),
(421, 43, 21, 6),
(422, 43, 29, 4),
(423, 43, 32, 38),
(424, 43, 39, 42),
(425, 43, 56, 4),
(426, 43, 57, 39),
(427, 43, 80, 4),
(428, 43, 81, 20),
(429, 43, 85, 21),
(430, 43, 93, 4),
(431, 44, 9, 5),
(432, 44, 18, 5),
(433, 44, 31, 27),
(434, 44, 35, 50),
(435, 44, 38, 50),
(436, 44, 48, 27),
(437, 44, 53, 12),
(438, 44, 59, 17),
(439, 44, 61, 34),
(440, 44, 100, 12),
(441, 45, 3, 46),
(442, 45, 5, 40),
(443, 45, 6, 25),
(444, 45, 10, 46),
(445, 45, 12, 1),
(446, 45, 45, 19),
(447, 45, 52, 1),
(448, 45, 62, 24),
(449, 45, 63, 24),
(450, 45, 64, 1),
(451, 46, 13, 6),
(452, 46, 39, 38),
(453, 46, 43, 38),
(454, 46, 57, 3),
(455, 46, 68, 20),
(456, 46, 75, 20),
(457, 46, 81, 21),
(458, 46, 86, 3),
(459, 46, 91, 3),
(460, 46, 94, 6),
(461, 47, 37, 11),
(462, 47, 38, 36),
(463, 47, 53, 17),
(464, 47, 54, 33),
(465, 47, 56, 8),
(466, 47, 59, 8),
(467, 47, 74, 31),
(468, 47, 80, 8),
(469, 47, 98, 36),
(470, 47, 100, 27),
(471, 48, 3, 40),
(472, 48, 5, 12),
(473, 48, 9, 19),
(474, 48, 22, 40),
(475, 48, 25, 13),
(476, 48, 31, 13),
(477, 48, 45, 12),
(478, 48, 61, 19),
(479, 48, 62, 19),
(480, 48, 93, 46),
(481, 49, 12, 41),
(482, 49, 39, 44),
(483, 49, 44, 21),
(484, 49, 48, 42),
(485, 49, 60, 21),
(486, 49, 64, 1),
(487, 49, 66, 42),
(488, 49, 77, 20),
(489, 49, 81, 1),
(490, 49, 92, 6),
(491, 50, 6, 11),
(492, 50, 28, 2),
(493, 50, 30, 48),
(494, 50, 35, 11),
(495, 50, 53, 24),
(496, 50, 54, 24),
(497, 50, 57, 47),
(498, 50, 74, 2),
(499, 50, 84, 11),
(500, 50, 100, 34),
(501, 51, 3, 8),
(502, 51, 5, 30),
(503, 51, 9, 19),
(504, 51, 16, 17),
(505, 51, 22, 19),
(506, 51, 25, 9),
(507, 51, 43, 32),
(508, 51, 45, 9),
(509, 51, 56, 19),
(510, 51, 59, 46),
(511, 52, 31, 20),
(512, 52, 39, 6),
(513, 52, 62, 21),
(514, 52, 64, 13),
(515, 52, 68, 39),
(516, 52, 78, 26),
(517, 52, 80, 13),
(518, 52, 81, 39),
(519, 52, 94, 42),
(520, 52, 98, 20),
(521, 53, 12, 5),
(522, 53, 19, 12),
(523, 53, 23, 11),
(524, 53, 29, 12),
(525, 53, 30, 48),
(526, 53, 32, 27),
(527, 53, 48, 11),
(528, 53, 57, 5),
(529, 53, 85, 5),
(530, 53, 100, 36),
(531, 54, 8, 46),
(532, 54, 16, 25),
(533, 54, 37, 49),
(534, 54, 38, 24),
(535, 54, 40, 14),
(536, 54, 43, 23),
(537, 54, 45, 14),
(538, 54, 52, 25),
(539, 54, 75, 23),
(540, 54, 93, 23),
(541, 55, 25, 15),
(542, 55, 39, 8),
(543, 55, 44, 9),
(544, 55, 46, 44),
(545, 55, 53, 38),
(546, 55, 60, 21),
(547, 55, 62, 38),
(548, 55, 78, 39),
(549, 55, 81, 20),
(550, 55, 94, 44),
(551, 56, 3, 34),
(552, 56, 5, 11),
(553, 56, 6, 27),
(554, 56, 23, 5),
(555, 56, 61, 31),
(556, 56, 63, 1),
(557, 56, 64, 36),
(558, 56, 84, 6),
(559, 56, 85, 31),
(560, 56, 100, 1),
(561, 57, 12, 19),
(562, 57, 16, 45),
(563, 57, 29, 19),
(564, 57, 30, 17),
(565, 57, 31, 12),
(566, 57, 37, 12),
(567, 57, 45, 19),
(568, 57, 48, 45),
(569, 57, 90, 32),
(570, 57, 92, 19),
(571, 58, 21, 41),
(572, 58, 39, 2),
(573, 58, 52, 13),
(574, 58, 54, 38),
(575, 58, 57, 44),
(576, 58, 66, 38),
(577, 58, 68, 42),
(578, 58, 78, 38),
(579, 58, 80, 21),
(580, 58, 81, 38),
(581, 59, 3, 14),
(582, 59, 5, 14),
(583, 59, 9, 14),
(584, 59, 35, 27),
(585, 59, 60, 36),
(586, 59, 63, 27),
(587, 59, 75, 5),
(588, 59, 83, 36),
(589, 59, 85, 24),
(590, 59, 100, 34),
(591, 60, 6, 46),
(592, 60, 17, 29),
(593, 60, 23, 29),
(594, 60, 26, 23),
(595, 60, 32, 29),
(596, 60, 38, 6),
(597, 60, 45, 19),
(598, 60, 46, 17),
(599, 60, 53, 31),
(600, 60, 59, 29),
(601, 61, 8, 20),
(602, 61, 13, 8),
(603, 61, 19, 13),
(604, 61, 25, 39),
(605, 61, 31, 39),
(606, 61, 39, 21),
(607, 61, 64, 39),
(608, 61, 81, 21),
(609, 61, 84, 39),
(610, 61, 94, 44),
(611, 62, 29, 48),
(612, 62, 30, 18),
(613, 62, 37, 9),
(614, 62, 40, 27),
(615, 62, 44, 24),
(616, 62, 48, 36),
(617, 62, 51, 18),
(618, 62, 58, 9),
(619, 62, 78, 48),
(620, 62, 100, 27),
(621, 63, 5, 25),
(622, 63, 26, 14),
(623, 63, 35, 19),
(624, 63, 45, 14),
(625, 63, 52, 2),
(626, 63, 54, 32),
(627, 63, 57, 25),
(628, 63, 75, 19),
(629, 63, 77, 6),
(630, 63, 91, 14),
(631, 64, 6, 12),
(632, 64, 8, 39),
(633, 64, 21, 31),
(634, 64, 24, 20),
(635, 64, 39, 31),
(636, 64, 64, 38),
(637, 64, 81, 31),
(638, 64, 84, 12),
(639, 64, 90, 20),
(640, 64, 94, 42),
(641, 65, 19, 18),
(642, 65, 25, 48),
(643, 65, 32, 34),
(644, 65, 38, 5),
(645, 65, 46, 11),
(646, 65, 53, 5),
(647, 65, 58, 11),
(648, 65, 66, 13),
(649, 65, 78, 48),
(650, 65, 100, 13),
(651, 66, 5, 47),
(652, 66, 13, 19),
(653, 66, 26, 17),
(654, 66, 37, 47),
(655, 66, 44, 29),
(656, 66, 45, 19),
(657, 66, 50, 19),
(658, 66, 75, 29),
(659, 66, 77, 47),
(660, 66, 93, 47),
(661, 67, 3, 21),
(662, 67, 22, 15),
(663, 67, 31, 12),
(664, 67, 39, 39),
(665, 67, 59, 15),
(666, 67, 64, 38),
(667, 67, 80, 38),
(668, 67, 81, 44),
(669, 67, 90, 20),
(670, 67, 98, 14),
(671, 68, 6, 6),
(672, 68, 9, 45),
(673, 68, 17, 18),
(674, 68, 30, 48),
(675, 68, 40, 36),
(676, 68, 53, 34),
(677, 68, 61, 33),
(678, 68, 63, 34),
(679, 68, 78, 11),
(680, 68, 100, 6),
(681, 69, 5, 25),
(682, 69, 24, 43),
(683, 69, 25, 25),
(684, 69, 29, 25),
(685, 69, 45, 19),
(686, 69, 46, 10),
(687, 69, 51, 32),
(688, 69, 62, 46),
(689, 69, 83, 25),
(690, 69, 92, 46),
(691, 70, 3, 50),
(692, 70, 10, 21),
(693, 70, 12, 42),
(694, 70, 13, 44),
(695, 70, 37, 41),
(696, 70, 39, 24),
(697, 70, 48, 39),
(698, 70, 54, 39),
(699, 70, 74, 39),
(700, 70, 81, 9),
(701, 71, 38, 27),
(702, 71, 52, 13),
(703, 71, 57, 17),
(704, 71, 60, 12),
(705, 71, 63, 17),
(706, 71, 68, 11),
(707, 71, 80, 36),
(708, 71, 90, 11),
(709, 71, 93, 17),
(710, 71, 100, 17),
(711, 72, 5, 19),
(712, 72, 8, 31),
(713, 72, 9, 6),
(714, 72, 22, 19),
(715, 72, 25, 3),
(716, 72, 26, 25),
(717, 72, 43, 46),
(718, 72, 45, 46),
(719, 72, 62, 19),
(720, 72, 78, 6),
(721, 73, 17, 21),
(722, 73, 19, 24),
(723, 73, 29, 42),
(724, 73, 31, 28),
(725, 73, 39, 44),
(726, 73, 46, 44),
(727, 73, 66, 41),
(728, 73, 75, 20),
(729, 73, 81, 38),
(730, 73, 83, 28),
(731, 74, 24, 43),
(732, 74, 38, 36),
(733, 74, 48, 18),
(734, 74, 56, 34),
(735, 74, 57, 36),
(736, 74, 67, 48),
(737, 74, 86, 12),
(738, 74, 91, 12),
(739, 74, 94, 36),
(740, 74, 100, 18),
(741, 75, 6, 46),
(742, 75, 10, 19),
(743, 75, 22, 19),
(744, 75, 30, 8),
(745, 75, 45, 32),
(746, 75, 54, 50),
(747, 75, 64, 50),
(748, 75, 68, 46),
(749, 75, 78, 8),
(750, 75, 90, 50),
(751, 76, 9, 39),
(752, 76, 12, 42),
(753, 76, 31, 21),
(754, 76, 39, 21),
(755, 76, 40, 9),
(756, 76, 53, 2),
(757, 76, 61, 44),
(758, 76, 80, 38),
(759, 76, 81, 2),
(760, 76, 92, 21),
(761, 77, 3, 34),
(762, 77, 19, 12),
(763, 77, 25, 34),
(764, 77, 32, 34),
(765, 77, 35, 45),
(766, 77, 37, 5),
(767, 77, 38, 27),
(768, 77, 50, 5),
(769, 77, 83, 25),
(770, 77, 100, 36),
(771, 78, 6, 49),
(772, 78, 8, 19),
(773, 78, 30, 46),
(774, 78, 45, 19),
(775, 78, 46, 8),
(776, 78, 52, 13),
(777, 78, 63, 49),
(778, 78, 72, 13),
(779, 78, 90, 46),
(780, 78, 91, 8),
(781, 79, 13, 43),
(782, 79, 22, 44),
(783, 79, 26, 44),
(784, 79, 39, 42),
(785, 79, 44, 39),
(786, 79, 48, 41),
(787, 79, 59, 42),
(788, 79, 64, 39),
(789, 79, 68, 41),
(790, 79, 81, 41),
(791, 80, 9, 27),
(792, 80, 18, 31),
(793, 80, 24, 34),
(794, 80, 38, 36),
(795, 80, 60, 33),
(796, 80, 66, 34),
(797, 80, 67, 48),
(798, 80, 80, 33),
(799, 80, 84, 48),
(800, 80, 100, 27);

-- --------------------------------------------------------

--
-- Δομή πίνακα για τον πίνακα `recipe_equipment`
--

CREATE TABLE `recipe_equipment` (
  `recipe_id` int(11) NOT NULL,
  `equipment_id` int(11) NOT NULL
) ENGINE=InnoDB DEFAULT CHARSET=utf8mb4 COLLATE=utf8mb4_general_ci;

--
-- Άδειασμα δεδομένων του πίνακα `recipe_equipment`
--

INSERT INTO `recipe_equipment` (`recipe_id`, `equipment_id`) VALUES
(1, 1),
(1, 3),
(1, 4),
(1, 14),
(2, 1),
(2, 3),
(2, 15),
(2, 25),
(3, 1),
(3, 3),
(3, 4),
(3, 16),
(4, 18),
(5, 17),
(5, 18),
(6, 1),
(6, 3),
(6, 20),
(7, 1),
(7, 3),
(7, 19),
(8, 1),
(8, 3),
(8, 4),
(8, 20),
(9, 1),
(9, 3),
(9, 4),
(10, 4),
(10, 24),
(11, 1),
(11, 3),
(11, 4),
(11, 20),
(12, 1),
(12, 3),
(12, 4),
(12, 20),
(13, 1),
(13, 3),
(13, 22),
(14, 1),
(14, 3),
(14, 4),
(14, 16),
(15, 1),
(15, 3),
(15, 4),
(15, 22),
(16, 1),
(16, 3),
(16, 19),
(16, 25),
(17, 1),
(17, 3),
(17, 4),
(18, 1),
(18, 3),
(18, 20),
(19, 1),
(19, 3),
(19, 25),
(20, 17),
(20, 18),
(21, 1),
(21, 3),
(21, 4),
(21, 20),
(22, 1),
(22, 3),
(22, 4),
(22, 25),
(23, 1),
(23, 3),
(23, 27),
(24, 1),
(24, 3),
(24, 4),
(24, 25),
(25, 1),
(25, 3),
(25, 4),
(25, 20),
(26, 1),
(26, 3),
(26, 22),
(27, 1),
(27, 3),
(27, 25),
(28, 1),
(28, 3),
(28, 4),
(28, 20),
(29, 1),
(29, 3),
(29, 25),
(30, 17),
(30, 18),
(31, 1),
(31, 3),
(31, 4),
(31, 14),
(32, 1),
(32, 3),
(32, 4),
(32, 20),
(33, 1),
(33, 3),
(33, 4),
(33, 20),
(34, 1),
(34, 3),
(34, 25),
(35, 1),
(35, 3),
(35, 25),
(36, 1),
(36, 3),
(36, 4),
(36, 20),
(37, 1),
(37, 3),
(37, 4),
(37, 20),
(38, 1),
(38, 3),
(38, 22),
(39, 1),
(39, 3),
(39, 20),
(40, 1),
(40, 3),
(40, 25),
(41, 1),
(41, 3),
(41, 25),
(42, 1),
(42, 3),
(42, 4),
(42, 20),
(43, 1),
(43, 3),
(43, 4),
(44, 1),
(44, 3),
(44, 19),
(45, 1),
(45, 3),
(45, 22),
(46, 1),
(46, 3),
(46, 4),
(46, 20),
(47, 1),
(47, 3),
(47, 20),
(48, 1),
(48, 3),
(48, 22),
(49, 1),
(49, 3),
(49, 25),
(50, 17),
(50, 18);

-- --------------------------------------------------------

--
-- Δομή πίνακα για τον πίνακα `recipe_ingredient`
--

CREATE TABLE `recipe_ingredient` (
  `recipe_id` int(11) NOT NULL,
  `ingredient_id` int(11) NOT NULL
) ENGINE=InnoDB DEFAULT CHARSET=utf8mb4 COLLATE=utf8mb4_general_ci;

--
-- Άδειασμα δεδομένων του πίνακα `recipe_ingredient`
--

INSERT INTO `recipe_ingredient` (`recipe_id`, `ingredient_id`) VALUES
(1, 1),
(1, 2),
(1, 3),
(1, 4),
(1, 5),
(1, 6),
(1, 7),
(1, 8),
(2, 6),
(2, 7),
(2, 9),
(2, 10),
(2, 11),
(2, 12),
(2, 13),
(2, 14),
(2, 15),
(3, 2),
(3, 3),
(3, 6),
(3, 7),
(3, 10),
(3, 15),
(3, 16),
(3, 17),
(3, 18),
(3, 19),
(3, 20),
(3, 21),
(3, 22),
(4, 14),
(4, 23),
(4, 24),
(4, 25),
(4, 26),
(4, 27),
(4, 28),
(4, 29),
(5, 14),
(5, 24),
(5, 27),
(5, 28),
(5, 30),
(5, 31),
(6, 3),
(6, 14),
(6, 15),
(6, 32),
(6, 33),
(6, 34),
(7, 2),
(7, 3),
(7, 6),
(7, 7),
(7, 35),
(7, 36),
(8, 2),
(8, 3),
(8, 6),
(8, 7),
(8, 15),
(8, 30),
(8, 34),
(8, 37),
(8, 38),
(8, 39),
(8, 40),
(9, 2),
(9, 3),
(9, 6),
(9, 7),
(9, 15),
(9, 29),
(9, 30),
(9, 41),
(9, 42),
(9, 43),
(9, 44),
(9, 45),
(9, 46),
(10, 6),
(10, 14),
(10, 24),
(10, 28),
(10, 47),
(10, 48),
(10, 49),
(10, 50),
(11, 89),
(11, 90),
(11, 91),
(11, 92),
(11, 93),
(11, 94),
(11, 95),
(11, 96),
(11, 97),
(12, 90),
(12, 91),
(12, 98),
(12, 99),
(12, 100),
(12, 101),
(12, 102),
(12, 103),
(13, 90),
(13, 91),
(13, 104),
(13, 105),
(13, 106),
(13, 107),
(14, 97),
(14, 108),
(14, 109),
(14, 110),
(14, 111),
(14, 112),
(14, 113),
(14, 114),
(15, 90),
(15, 91),
(15, 115),
(15, 116),
(15, 117),
(16, 90),
(16, 91),
(16, 102),
(16, 118),
(16, 119),
(16, 120),
(16, 121),
(17, 90),
(17, 91),
(17, 122),
(17, 123),
(17, 124),
(17, 125),
(17, 126),
(17, 127),
(18, 91),
(18, 97),
(18, 130),
(18, 131),
(18, 133),
(18, 134),
(18, 135),
(18, 136),
(18, 137),
(19, 90),
(19, 91),
(19, 139),
(19, 142),
(19, 143),
(19, 144),
(19, 145),
(19, 146),
(19, 147),
(20, 150),
(20, 151),
(20, 152),
(20, 153),
(20, 154),
(21, 157),
(21, 171),
(21, 173),
(21, 175),
(21, 204),
(21, 216),
(21, 217),
(22, 159),
(22, 166),
(22, 171),
(22, 176),
(22, 177),
(22, 178),
(22, 179),
(22, 189),
(22, 214),
(22, 227),
(22, 228),
(23, 157),
(23, 171),
(23, 179),
(23, 194),
(23, 209),
(24, 157),
(24, 162),
(24, 170),
(24, 193),
(24, 195),
(24, 198),
(24, 214),
(24, 227),
(24, 228),
(25, 158),
(25, 159),
(25, 166),
(25, 167),
(25, 171),
(25, 212),
(25, 217),
(26, 208),
(26, 214),
(26, 219),
(26, 220),
(26, 226),
(26, 227),
(26, 228),
(27, 156),
(27, 157),
(27, 186),
(27, 213),
(27, 228),
(27, 235),
(28, 157),
(28, 203),
(28, 214),
(28, 220),
(28, 222),
(28, 227),
(28, 228),
(29, 156),
(29, 157),
(29, 158),
(29, 171),
(29, 175),
(29, 178),
(29, 187),
(29, 234),
(29, 235),
(29, 236),
(30, 184),
(30, 190),
(30, 192),
(30, 194),
(30, 221),
(30, 226),
(30, 229),
(31, 157),
(31, 169),
(31, 179),
(31, 204),
(31, 214),
(31, 227),
(31, 228),
(32, 155),
(32, 157),
(32, 171),
(32, 173),
(32, 178),
(32, 193),
(32, 215),
(32, 216),
(32, 217),
(32, 218),
(33, 155),
(33, 214),
(33, 224),
(33, 227),
(33, 228),
(34, 156),
(34, 157),
(34, 167),
(34, 171),
(34, 188),
(34, 211),
(34, 213),
(34, 214),
(34, 230),
(34, 231),
(34, 232),
(34, 233),
(34, 241),
(35, 186),
(35, 194),
(35, 209),
(35, 227),
(35, 228),
(35, 230),
(36, 164),
(36, 170),
(36, 193),
(36, 198),
(36, 214),
(36, 227),
(36, 228),
(36, 240),
(37, 155),
(37, 206),
(37, 214),
(37, 219),
(37, 227),
(37, 228),
(38, 157),
(38, 158),
(38, 173),
(38, 193),
(38, 208),
(38, 214),
(38, 216),
(38, 235),
(39, 157),
(39, 159),
(39, 166),
(39, 171),
(39, 179),
(39, 193),
(39, 200),
(39, 204),
(39, 214),
(39, 227),
(39, 228),
(40, 155),
(40, 171),
(40, 178),
(40, 204),
(40, 214),
(40, 234),
(40, 235),
(40, 236),
(41, 157),
(41, 160),
(41, 171),
(41, 186),
(41, 194),
(41, 214),
(41, 228),
(41, 230),
(41, 235),
(42, 155),
(42, 157),
(42, 158),
(42, 162),
(42, 171),
(42, 202),
(42, 214),
(42, 235),
(43, 158),
(43, 162),
(43, 164),
(43, 166),
(43, 171),
(43, 189),
(43, 214),
(44, 157),
(44, 171),
(44, 205),
(44, 214),
(44, 217),
(44, 222),
(44, 227),
(44, 228),
(44, 229),
(45, 158),
(45, 166),
(45, 171),
(45, 189),
(45, 213),
(45, 214),
(46, 157),
(46, 162),
(46, 164),
(46, 171),
(46, 194),
(46, 214),
(46, 227),
(46, 228),
(47, 157),
(47, 171),
(47, 179),
(47, 194),
(47, 210),
(47, 214),
(47, 228),
(47, 235),
(48, 163),
(48, 171),
(48, 200),
(48, 204),
(48, 214),
(48, 227),
(49, 155),
(49, 171),
(49, 178),
(49, 214),
(49, 234),
(49, 235),
(49, 236),
(50, 179),
(50, 183),
(50, 184),
(50, 191),
(50, 198),
(50, 221),
(50, 226),
(50, 227),
(50, 229);

-- --------------------------------------------------------

--
-- Δομή πίνακα για τον πίνακα `recipe_section`
--

CREATE TABLE `recipe_section` (
  `recipe_id` int(11) NOT NULL,
  `section_id` int(11) NOT NULL
) ENGINE=InnoDB DEFAULT CHARSET=utf8mb4 COLLATE=utf8mb4_general_ci;

--
-- Άδειασμα δεδομένων του πίνακα `recipe_section`
--

INSERT INTO `recipe_section` (`recipe_id`, `section_id`) VALUES
(1, 1),
(1, 8),
(2, 2),
(2, 8),
(3, 2),
(3, 8),
(4, 7),
(4, 10),
(5, 7),
(5, 10),
(6, 9),
(7, 4),
(7, 9),
(8, 6),
(8, 8),
(9, 4),
(9, 8),
(10, 2),
(10, 8),
(11, 1),
(11, 8),
(12, 6),
(12, 8),
(13, 3),
(13, 8),
(14, 4),
(14, 5),
(14, 8),
(15, 8),
(15, 9),
(16, 2),
(16, 8),
(17, 4),
(17, 8),
(18, 5),
(18, 10),
(19, 4),
(19, 10),
(20, 7),
(20, 10),
(21, 1),
(21, 8),
(22, 4),
(22, 8),
(23, 3),
(23, 8),
(24, 6),
(24, 8),
(25, 5),
(25, 10),
(26, 3),
(26, 8),
(27, 8),
(27, 10),
(28, 1),
(28, 8),
(29, 2),
(29, 8),
(30, 7),
(30, 10),
(31, 1),
(31, 8),
(32, 6),
(32, 8),
(33, 9),
(33, 10),
(34, 4),
(34, 8),
(35, 6),
(35, 8),
(36, 6),
(36, 8),
(37, 9),
(37, 10),
(38, 3),
(38, 8),
(39, 1),
(39, 5),
(39, 8),
(40, 6),
(40, 8),
(41, 9),
(41, 10),
(42, 5),
(42, 10),
(43, 4),
(43, 8),
(44, 1),
(44, 8),
(45, 5),
(45, 10),
(46, 3),
(46, 8),
(47, 3),
(47, 8),
(48, 4),
(48, 8),
(49, 6),
(49, 8),
(50, 7),
(50, 10);

-- --------------------------------------------------------

--
-- Δομή πίνακα για τον πίνακα `recipe_step`
--

CREATE TABLE `recipe_step` (
  `recipe_id` int(11) NOT NULL,
  `step_id` int(11) NOT NULL
) ENGINE=InnoDB DEFAULT CHARSET=utf8mb4 COLLATE=utf8mb4_general_ci;

--
-- Άδειασμα δεδομένων του πίνακα `recipe_step`
--

INSERT INTO `recipe_step` (`recipe_id`, `step_id`) VALUES
(1, 1),
(1, 2),
(1, 3),
(1, 4),
(1, 5),
(1, 6),
(2, 7),
(2, 8),
(2, 9),
(2, 10),
(2, 11),
(3, 12),
(3, 13),
(3, 14),
(4, 15),
(4, 16),
(4, 17),
(4, 18),
(5, 19),
(5, 20),
(5, 21),
(5, 22),
(5, 23),
(6, 24),
(6, 25),
(6, 26),
(6, 27),
(7, 28),
(7, 29),
(7, 30),
(7, 31),
(7, 32),
(7, 33),
(8, 34),
(8, 35),
(8, 36),
(8, 37),
(8, 38),
(9, 39),
(9, 40),
(9, 41),
(9, 42),
(9, 43),
(10, 44),
(10, 45),
(10, 46),
(10, 47),
(10, 48),
(10, 49),
(11, 50),
(11, 51),
(11, 52),
(11, 53),
(12, 54),
(12, 55),
(12, 56),
(12, 57),
(12, 58),
(13, 59),
(13, 60),
(13, 61),
(13, 62),
(13, 63),
(13, 64),
(14, 65),
(14, 66),
(14, 67),
(14, 68),
(14, 69),
(14, 70),
(14, 71),
(15, 72),
(15, 73),
(15, 74),
(15, 75),
(15, 76),
(15, 77),
(16, 78),
(16, 79),
(16, 80),
(16, 81),
(16, 82),
(16, 83),
(16, 84),
(17, 85),
(17, 86),
(17, 87),
(17, 88),
(18, 89),
(18, 90),
(18, 91),
(18, 92),
(18, 93),
(18, 94),
(18, 95),
(19, 96),
(19, 97),
(19, 98),
(19, 99),
(19, 100),
(19, 101),
(19, 102),
(20, 103),
(20, 104),
(20, 105),
(20, 106),
(20, 107),
(20, 108),
(21, 109),
(21, 110),
(21, 111),
(21, 112),
(21, 113),
(22, 114),
(22, 115),
(22, 116),
(22, 117),
(22, 118),
(22, 119),
(23, 120),
(23, 121),
(23, 122),
(23, 123),
(23, 124),
(23, 125),
(24, 126),
(24, 127),
(24, 128),
(24, 129),
(24, 130),
(24, 131),
(24, 132),
(25, 133),
(25, 134),
(25, 135),
(25, 136),
(25, 137),
(26, 138),
(26, 139),
(26, 140),
(26, 141),
(26, 142),
(26, 143),
(27, 144),
(27, 145),
(27, 146),
(27, 147),
(27, 148),
(27, 149),
(27, 150),
(28, 151),
(28, 152),
(28, 153),
(28, 154),
(28, 155),
(28, 156),
(29, 157),
(29, 158),
(29, 159),
(29, 160),
(29, 161),
(30, 162),
(30, 163),
(30, 164),
(30, 165),
(30, 166),
(30, 167),
(31, 169),
(31, 170),
(31, 171),
(31, 172),
(31, 173),
(32, 174),
(32, 175),
(32, 176),
(32, 177),
(33, 178),
(33, 179),
(33, 180),
(33, 181),
(34, 182),
(34, 183),
(34, 184),
(34, 185),
(34, 186),
(35, 187),
(35, 188),
(35, 189),
(35, 190),
(36, 191),
(36, 192),
(36, 193),
(37, 194),
(37, 195),
(37, 196),
(37, 197),
(37, 198),
(38, 199),
(38, 200),
(38, 201),
(38, 202),
(39, 203),
(39, 204),
(39, 205),
(39, 206),
(40, 207),
(40, 208),
(40, 209),
(40, 210),
(40, 211),
(41, 212),
(41, 213),
(41, 214),
(41, 215),
(41, 216),
(42, 217),
(42, 218),
(42, 219),
(42, 220),
(43, 221),
(43, 222),
(43, 223),
(44, 224),
(44, 225),
(44, 226),
(44, 227),
(44, 228),
(45, 229),
(45, 230),
(45, 231),
(45, 232),
(45, 233),
(46, 234),
(46, 235),
(46, 236),
(46, 237),
(46, 238),
(47, 239),
(47, 240),
(47, 241),
(47, 242),
(48, 243),
(48, 244),
(48, 245),
(48, 246),
(48, 247),
(49, 248),
(49, 249),
(49, 250),
(49, 251),
(49, 252),
(50, 253),
(50, 254),
(50, 255),
(50, 256),
(50, 257);

-- --------------------------------------------------------

--
-- Δομή πίνακα για τον πίνακα `recipe_tag`
--

CREATE TABLE `recipe_tag` (
  `recipe_id` int(11) NOT NULL,
  `tag_id` int(11) NOT NULL
) ENGINE=InnoDB DEFAULT CHARSET=utf8mb4 COLLATE=utf8mb4_general_ci;

--
-- Άδειασμα δεδομένων του πίνακα `recipe_tag`
--

INSERT INTO `recipe_tag` (`recipe_id`, `tag_id`) VALUES
(1, 2),
(1, 3),
(1, 9),
(2, 3),
(2, 8),
(2, 9),
(3, 4),
(3, 7),
(3, 9),
(4, 1),
(4, 10),
(5, 1),
(5, 10),
(6, 8),
(7, 5),
(7, 6),
(8, 2),
(8, 3),
(8, 9),
(9, 5),
(9, 6),
(10, 1),
(10, 4),
(11, 8),
(11, 9),
(12, 3),
(12, 6),
(13, 6),
(13, 10),
(14, 3),
(14, 5),
(15, 7),
(15, 10),
(16, 2),
(16, 3),
(17, 4),
(17, 6),
(18, 3),
(18, 5),
(19, 6),
(19, 10),
(20, 2),
(20, 9),
(21, 5),
(21, 9),
(22, 3),
(22, 6),
(23, 2),
(23, 8),
(24, 4),
(24, 8),
(25, 2),
(25, 5),
(25, 8),
(25, 9),
(26, 6),
(26, 9),
(27, 3),
(27, 7),
(27, 8),
(28, 4),
(28, 5),
(28, 9),
(29, 2),
(29, 3),
(29, 6),
(30, 8),
(30, 10),
(31, 5),
(31, 9),
(32, 2),
(32, 6),
(33, 5),
(33, 8),
(34, 5),
(34, 6),
(34, 7),
(35, 3),
(35, 7),
(36, 3),
(36, 5),
(36, 8),
(37, 5),
(37, 8),
(38, 6),
(38, 9),
(39, 3),
(39, 5),
(39, 8),
(40, 3),
(40, 6),
(40, 9),
(41, 3),
(41, 5),
(41, 6),
(41, 9),
(42, 2),
(42, 5),
(42, 8),
(43, 3),
(43, 5),
(43, 6),
(43, 8),
(44, 8),
(44, 9),
(45, 3),
(45, 5),
(45, 6),
(46, 3),
(46, 5),
(46, 6),
(46, 8),
(47, 3),
(47, 8),
(48, 3),
(48, 5),
(48, 6),
(48, 8),
(49, 2),
(49, 5),
(49, 6),
(49, 8),
(50, 8),
(50, 10);

-- --------------------------------------------------------

--
-- Δομή πίνακα για τον πίνακα `recipe_tips`
--

CREATE TABLE `recipe_tips` (
  `recipe_id` int(11) NOT NULL,
  `tips_id` int(11) NOT NULL
) ENGINE=InnoDB DEFAULT CHARSET=utf8mb4 COLLATE=utf8mb4_general_ci;

--
-- Άδειασμα δεδομένων του πίνακα `recipe_tips`
--

INSERT INTO `recipe_tips` (`recipe_id`, `tips_id`) VALUES
(1, 1),
(1, 2),
(2, 3),
(2, 4),
(3, 5),
(3, 6),
(4, 7),
(4, 8),
(5, 9),
(5, 10),
(6, 11),
(6, 12),
(7, 13),
(7, 14),
(8, 15),
(8, 16),
(9, 17),
(9, 18),
(10, 19),
(10, 20),
(11, 21),
(11, 22),
(12, 23),
(12, 24),
(13, 25),
(13, 26),
(14, 27),
(14, 28),
(15, 29),
(15, 30),
(16, 31),
(16, 32),
(17, 33),
(17, 34),
(18, 35),
(18, 36),
(19, 37),
(19, 38),
(20, 39),
(20, 40),
(21, 41),
(21, 42),
(22, 43),
(22, 44),
(23, 45),
(23, 46),
(24, 47),
(24, 48),
(25, 49),
(25, 50),
(26, 51),
(26, 52),
(27, 53),
(27, 54),
(28, 55),
(28, 56),
(29, 57),
(29, 58),
(30, 59),
(30, 60),
(31, 61),
(31, 62),
(32, 63),
(32, 64),
(33, 65),
(33, 66),
(34, 67),
(34, 68),
(35, 69),
(35, 70),
(36, 71),
(36, 72),
(37, 73),
(37, 74),
(38, 75),
(38, 76),
(39, 77),
(39, 78),
(40, 79),
(40, 80),
(41, 81),
(41, 82),
(42, 83),
(42, 84),
(43, 85),
(43, 86),
(44, 87),
(44, 88),
(45, 89),
(45, 90),
(46, 91),
(46, 92),
(47, 93),
(47, 94),
(48, 95),
(48, 96),
(49, 97),
(49, 98),
(50, 99),
(50, 100);

-- --------------------------------------------------------

--
-- Δομή πίνακα για τον πίνακα `scoring`
--

CREATE TABLE `scoring` (
  `scoring_id` int(11) NOT NULL,
  `recipe_chef_id` int(11) NOT NULL,
  `judge_id` int(11) NOT NULL,
  `score` int(11) NOT NULL
) ENGINE=InnoDB DEFAULT CHARSET=utf8mb4 COLLATE=utf8mb4_general_ci;

--
-- Άδειασμα δεδομένων του πίνακα `scoring`
--

INSERT INTO `scoring` (`scoring_id`, `recipe_chef_id`, `judge_id`, `score`) VALUES
(1, 1, 26, 5),
(2, 1, 32, 5),
(3, 1, 93, 5),
(4, 2, 26, 5),
(5, 2, 32, 2),
(6, 2, 93, 3),
(7, 3, 26, 1),
(8, 3, 32, 5),
(9, 3, 93, 1),
(10, 4, 26, 1),
(11, 4, 32, 4),
(12, 4, 93, 4),
(13, 5, 26, 3),
(14, 5, 32, 5),
(15, 5, 93, 2),
(16, 6, 26, 4),
(17, 6, 32, 2),
(18, 6, 93, 3),
(19, 7, 26, 5),
(20, 7, 32, 5),
(21, 7, 93, 4),
(22, 8, 26, 5),
(23, 8, 32, 4),
(24, 8, 93, 3),
(25, 9, 26, 1),
(26, 9, 32, 2),
(27, 9, 93, 5),
(28, 10, 26, 3),
(29, 10, 32, 3),
(30, 10, 93, 4),
(31, 11, 18, 3),
(32, 11, 47, 5),
(33, 11, 50, 1),
(34, 12, 18, 4),
(35, 12, 47, 1),
(36, 12, 50, 4),
(37, 13, 18, 4),
(38, 13, 47, 5),
(39, 13, 50, 3),
(40, 14, 18, 5),
(41, 14, 47, 5),
(42, 14, 50, 3),
(43, 15, 18, 1),
(44, 15, 47, 4),
(45, 15, 50, 4),
(46, 16, 18, 1),
(47, 16, 47, 5),
(48, 16, 50, 4),
(49, 17, 18, 5),
(50, 17, 47, 4),
(51, 17, 50, 4),
(52, 18, 18, 1),
(53, 18, 47, 2),
(54, 18, 50, 4),
(55, 19, 18, 4),
(56, 19, 47, 2),
(57, 19, 50, 1),
(58, 20, 18, 3),
(59, 20, 47, 5),
(60, 20, 50, 3),
(61, 21, 12, 5),
(62, 21, 18, 3),
(63, 21, 83, 1),
(64, 22, 12, 1),
(65, 22, 18, 5),
(66, 22, 83, 3),
(67, 23, 12, 1),
(68, 23, 18, 2),
(69, 23, 83, 3),
(70, 24, 12, 5),
(71, 24, 18, 1),
(72, 24, 83, 5),
(73, 25, 12, 4),
(74, 25, 18, 2),
(75, 25, 83, 3),
(76, 26, 12, 4),
(77, 26, 18, 1),
(78, 26, 83, 1),
(79, 27, 12, 3),
(80, 27, 18, 5),
(81, 27, 83, 3),
(82, 28, 12, 3),
(83, 28, 18, 5),
(84, 28, 83, 1),
(85, 29, 12, 4),
(86, 29, 18, 3),
(87, 29, 83, 4),
(88, 30, 12, 3),
(89, 30, 18, 1),
(90, 30, 83, 3),
(91, 31, 70, 2),
(92, 31, 88, 5),
(93, 31, 100, 5),
(94, 32, 70, 5),
(95, 32, 88, 3),
(96, 32, 100, 4),
(97, 33, 70, 1),
(98, 33, 88, 3),
(99, 33, 100, 5),
(100, 34, 70, 1),
(101, 34, 88, 5),
(102, 34, 100, 4),
(103, 35, 70, 3),
(104, 35, 88, 5),
(105, 35, 100, 5),
(106, 36, 70, 1),
(107, 36, 88, 4),
(108, 36, 100, 1),
(109, 37, 70, 1),
(110, 37, 88, 2),
(111, 37, 100, 2),
(112, 38, 70, 3),
(113, 38, 88, 5),
(114, 38, 100, 3),
(115, 39, 70, 5),
(116, 39, 88, 5),
(117, 39, 100, 4),
(118, 40, 70, 4),
(119, 40, 88, 3),
(120, 40, 100, 2),
(121, 41, 6, 1),
(122, 41, 24, 4),
(123, 41, 69, 5),
(124, 42, 6, 4),
(125, 42, 24, 5),
(126, 42, 69, 3),
(127, 43, 6, 1),
(128, 43, 24, 3),
(129, 43, 69, 5),
(130, 44, 6, 2),
(131, 44, 24, 4),
(132, 44, 69, 3),
(133, 45, 6, 2),
(134, 45, 24, 3),
(135, 45, 69, 2),
(136, 46, 6, 2),
(137, 46, 24, 4),
(138, 46, 69, 4),
(139, 47, 6, 2),
(140, 47, 24, 4),
(141, 47, 69, 3),
(142, 48, 6, 5),
(143, 48, 24, 3),
(144, 48, 69, 5),
(145, 49, 6, 4),
(146, 49, 24, 3),
(147, 49, 69, 4),
(148, 50, 6, 4),
(149, 50, 24, 5),
(150, 50, 69, 5),
(151, 51, 14, 4),
(152, 51, 69, 4),
(153, 51, 95, 3),
(154, 52, 14, 1),
(155, 52, 69, 4),
(156, 52, 95, 3),
(157, 53, 14, 5),
(158, 53, 69, 3),
(159, 53, 95, 4),
(160, 54, 14, 4),
(161, 54, 69, 4),
(162, 54, 95, 5),
(163, 55, 14, 1),
(164, 55, 69, 1),
(165, 55, 95, 2),
(166, 56, 14, 1),
(167, 56, 69, 2),
(168, 56, 95, 3),
(169, 57, 14, 1),
(170, 57, 69, 3),
(171, 57, 95, 4),
(172, 58, 14, 2),
(173, 58, 69, 1),
(174, 58, 95, 1),
(175, 59, 14, 5),
(176, 59, 69, 4),
(177, 59, 95, 2),
(178, 60, 14, 1),
(179, 60, 69, 2),
(180, 60, 95, 4),
(181, 61, 11, 5),
(182, 61, 51, 4),
(183, 61, 67, 2),
(184, 62, 11, 3),
(185, 62, 51, 2),
(186, 62, 67, 2),
(187, 63, 11, 2),
(188, 63, 51, 4),
(189, 63, 67, 5),
(190, 64, 11, 2),
(191, 64, 51, 1),
(192, 64, 67, 2),
(193, 65, 11, 5),
(194, 65, 51, 4),
(195, 65, 67, 2),
(196, 66, 11, 4),
(197, 66, 51, 1),
(198, 66, 67, 2),
(199, 67, 11, 2),
(200, 67, 51, 2),
(201, 67, 67, 4),
(202, 68, 11, 1),
(203, 68, 51, 4),
(204, 68, 67, 3),
(205, 69, 11, 3),
(206, 69, 51, 3),
(207, 69, 67, 3),
(208, 70, 11, 2),
(209, 70, 51, 2),
(210, 70, 67, 1),
(211, 71, 52, 4),
(212, 71, 57, 2),
(213, 71, 63, 5),
(214, 72, 52, 3),
(215, 72, 57, 4),
(216, 72, 63, 2),
(217, 73, 52, 3),
(218, 73, 57, 3),
(219, 73, 63, 3),
(220, 74, 52, 2),
(221, 74, 57, 2),
(222, 74, 63, 2),
(223, 75, 52, 5),
(224, 75, 57, 2),
(225, 75, 63, 2),
(226, 76, 52, 1),
(227, 76, 57, 3),
(228, 76, 63, 3),
(229, 77, 52, 2),
(230, 77, 57, 3),
(231, 77, 63, 4),
(232, 78, 52, 1),
(233, 78, 57, 4),
(234, 78, 63, 3),
(235, 79, 52, 5),
(236, 79, 57, 2),
(237, 79, 63, 1),
(238, 80, 52, 1),
(239, 80, 57, 2),
(240, 80, 63, 4),
(241, 81, 8, 3),
(242, 81, 13, 5),
(243, 81, 100, 1),
(244, 82, 8, 2),
(245, 82, 13, 3),
(246, 82, 100, 4),
(247, 83, 8, 1),
(248, 83, 13, 2),
(249, 83, 100, 3),
(250, 84, 8, 2),
(251, 84, 13, 4),
(252, 84, 100, 1),
(253, 85, 8, 5),
(254, 85, 13, 1),
(255, 85, 100, 1),
(256, 86, 8, 1),
(257, 86, 13, 1),
(258, 86, 100, 4),
(259, 87, 8, 4),
(260, 87, 13, 2),
(261, 87, 100, 3),
(262, 88, 8, 4),
(263, 88, 13, 2),
(264, 88, 100, 1),
(265, 89, 8, 4),
(266, 89, 13, 5),
(267, 89, 100, 4),
(268, 90, 8, 2),
(269, 90, 13, 4),
(270, 90, 100, 3),
(271, 91, 17, 3),
(272, 91, 37, 1),
(273, 91, 55, 5),
(274, 92, 17, 4),
(275, 92, 37, 1),
(276, 92, 55, 5),
(277, 93, 17, 4),
(278, 93, 37, 2),
(279, 93, 55, 5),
(280, 94, 17, 3),
(281, 94, 37, 4),
(282, 94, 55, 5),
(283, 95, 17, 1),
(284, 95, 37, 2),
(285, 95, 55, 5),
(286, 96, 17, 5),
(287, 96, 37, 1),
(288, 96, 55, 5),
(289, 97, 17, 5),
(290, 97, 37, 1),
(291, 97, 55, 3),
(292, 98, 17, 1),
(293, 98, 37, 3),
(294, 98, 55, 2),
(295, 99, 17, 2),
(296, 99, 37, 1),
(297, 99, 55, 4),
(298, 100, 17, 4),
(299, 100, 37, 3),
(300, 100, 55, 1),
(301, 101, 57, 4),
(302, 101, 69, 4),
(303, 101, 71, 3),
(304, 102, 57, 3),
(305, 102, 69, 1),
(306, 102, 71, 2),
(307, 103, 57, 3),
(308, 103, 69, 1),
(309, 103, 71, 3),
(310, 104, 57, 1),
(311, 104, 69, 3),
(312, 104, 71, 1),
(313, 105, 57, 1),
(314, 105, 69, 4),
(315, 105, 71, 3),
(316, 106, 57, 3),
(317, 106, 69, 5),
(318, 106, 71, 2),
(319, 107, 57, 3),
(320, 107, 69, 5),
(321, 107, 71, 1),
(322, 108, 57, 3),
(323, 108, 69, 3),
(324, 108, 71, 4),
(325, 109, 57, 4),
(326, 109, 69, 1),
(327, 109, 71, 4),
(328, 110, 57, 4),
(329, 110, 69, 3),
(330, 110, 71, 5),
(331, 111, 15, 3),
(332, 111, 24, 2),
(333, 111, 81, 3),
(334, 112, 15, 3),
(335, 112, 24, 5),
(336, 112, 81, 1),
(337, 113, 15, 4),
(338, 113, 24, 1),
(339, 113, 81, 2),
(340, 114, 15, 5),
(341, 114, 24, 5),
(342, 114, 81, 5),
(343, 115, 15, 1),
(344, 115, 24, 4),
(345, 115, 81, 5),
(346, 116, 15, 2),
(347, 116, 24, 5),
(348, 116, 81, 5),
(349, 117, 15, 5),
(350, 117, 24, 2),
(351, 117, 81, 1),
(352, 118, 15, 3),
(353, 118, 24, 1),
(354, 118, 81, 5),
(355, 119, 15, 5),
(356, 119, 24, 3),
(357, 119, 81, 2),
(358, 120, 15, 2),
(359, 120, 24, 4),
(360, 120, 81, 2),
(361, 121, 12, 3),
(362, 121, 48, 3),
(363, 121, 99, 2),
(364, 122, 12, 1),
(365, 122, 48, 3),
(366, 122, 99, 4),
(367, 123, 12, 3),
(368, 123, 48, 3),
(369, 123, 99, 1),
(370, 124, 12, 3),
(371, 124, 48, 1),
(372, 124, 99, 2),
(373, 125, 12, 1),
(374, 125, 48, 5),
(375, 125, 99, 4),
(376, 126, 12, 5),
(377, 126, 48, 2),
(378, 126, 99, 5),
(379, 127, 12, 2),
(380, 127, 48, 2),
(381, 127, 99, 4),
(382, 128, 12, 5),
(383, 128, 48, 1),
(384, 128, 99, 3),
(385, 129, 12, 4),
(386, 129, 48, 3),
(387, 129, 99, 4),
(388, 130, 12, 4),
(389, 130, 48, 3),
(390, 130, 99, 2),
(391, 131, 3, 5),
(392, 131, 46, 4),
(393, 131, 53, 3),
(394, 132, 3, 3),
(395, 132, 46, 5),
(396, 132, 53, 2),
(397, 133, 3, 1),
(398, 133, 46, 1),
(399, 133, 53, 1),
(400, 134, 3, 4),
(401, 134, 46, 2),
(402, 134, 53, 1),
(403, 135, 3, 2),
(404, 135, 46, 2),
(405, 135, 53, 5),
(406, 136, 3, 5),
(407, 136, 46, 1),
(408, 136, 53, 2),
(409, 137, 3, 5),
(410, 137, 46, 5),
(411, 137, 53, 3),
(412, 138, 3, 2),
(413, 138, 46, 4),
(414, 138, 53, 3),
(415, 139, 3, 2),
(416, 139, 46, 3),
(417, 139, 53, 3),
(418, 140, 3, 4),
(419, 140, 46, 3),
(420, 140, 53, 1),
(421, 141, 13, 4),
(422, 141, 88, 1),
(423, 141, 100, 3),
(424, 142, 13, 1),
(425, 142, 88, 1),
(426, 142, 100, 5),
(427, 143, 13, 4),
(428, 143, 88, 2),
(429, 143, 100, 2),
(430, 144, 13, 5),
(431, 144, 88, 5),
(432, 144, 100, 2),
(433, 145, 13, 4),
(434, 145, 88, 3),
(435, 145, 100, 3),
(436, 146, 13, 1),
(437, 146, 88, 3),
(438, 146, 100, 5),
(439, 147, 13, 2),
(440, 147, 88, 3),
(441, 147, 100, 5),
(442, 148, 13, 3),
(443, 148, 88, 4),
(444, 148, 100, 5),
(445, 149, 13, 3),
(446, 149, 88, 3),
(447, 149, 100, 1),
(448, 150, 13, 3),
(449, 150, 88, 5),
(450, 150, 100, 4),
(451, 151, 58, 5),
(452, 151, 72, 4),
(453, 151, 87, 2),
(454, 152, 58, 3),
(455, 152, 72, 5),
(456, 152, 87, 1),
(457, 153, 58, 3),
(458, 153, 72, 1),
(459, 153, 87, 5),
(460, 154, 58, 2),
(461, 154, 72, 1),
(462, 154, 87, 3),
(463, 155, 58, 3),
(464, 155, 72, 1),
(465, 155, 87, 3),
(466, 156, 58, 1),
(467, 156, 72, 5),
(468, 156, 87, 2),
(469, 157, 58, 1),
(470, 157, 72, 2),
(471, 157, 87, 4),
(472, 158, 58, 5),
(473, 158, 72, 1),
(474, 158, 87, 3),
(475, 159, 58, 3),
(476, 159, 72, 4),
(477, 159, 87, 4),
(478, 160, 58, 5),
(479, 160, 72, 1),
(480, 160, 87, 3),
(481, 161, 34, 4),
(482, 161, 94, 5),
(483, 161, 97, 2),
(484, 162, 34, 3),
(485, 162, 94, 1),
(486, 162, 97, 3),
(487, 163, 34, 3),
(488, 163, 94, 1),
(489, 163, 97, 5),
(490, 164, 34, 3),
(491, 164, 94, 2),
(492, 164, 97, 1),
(493, 165, 34, 3),
(494, 165, 94, 1),
(495, 165, 97, 5),
(496, 166, 34, 3),
(497, 166, 94, 2),
(498, 166, 97, 3),
(499, 167, 34, 1),
(500, 167, 94, 1),
(501, 167, 97, 1),
(502, 168, 34, 1),
(503, 168, 94, 1),
(504, 168, 97, 3),
(505, 169, 34, 3),
(506, 169, 94, 4),
(507, 169, 97, 4),
(508, 170, 34, 2),
(509, 170, 94, 3),
(510, 170, 97, 4),
(511, 171, 18, 2),
(512, 171, 52, 1),
(513, 171, 59, 5),
(514, 172, 18, 5),
(515, 172, 52, 4),
(516, 172, 59, 1),
(517, 173, 18, 1),
(518, 173, 52, 4),
(519, 173, 59, 5),
(520, 174, 18, 3),
(521, 174, 52, 1),
(522, 174, 59, 1),
(523, 175, 18, 3),
(524, 175, 52, 5),
(525, 175, 59, 3),
(526, 176, 18, 2),
(527, 176, 52, 5),
(528, 176, 59, 5),
(529, 177, 18, 2),
(530, 177, 52, 1),
(531, 177, 59, 4),
(532, 178, 18, 5),
(533, 178, 52, 3),
(534, 178, 59, 1),
(535, 179, 18, 4),
(536, 179, 52, 3),
(537, 179, 59, 5),
(538, 180, 18, 2),
(539, 180, 52, 4),
(540, 180, 59, 3),
(541, 181, 2, 4),
(542, 181, 62, 4),
(543, 181, 71, 4),
(544, 182, 2, 1),
(545, 182, 62, 3),
(546, 182, 71, 1),
(547, 183, 2, 4),
(548, 183, 62, 3),
(549, 183, 71, 4),
(550, 184, 2, 1),
(551, 184, 62, 4),
(552, 184, 71, 5),
(553, 185, 2, 2),
(554, 185, 62, 2),
(555, 185, 71, 5),
(556, 186, 2, 5),
(557, 186, 62, 3),
(558, 186, 71, 2),
(559, 187, 2, 2),
(560, 187, 62, 4),
(561, 187, 71, 1),
(562, 188, 2, 5),
(563, 188, 62, 2),
(564, 188, 71, 3),
(565, 189, 2, 4),
(566, 189, 62, 3),
(567, 189, 71, 5),
(568, 190, 2, 3),
(569, 190, 62, 4),
(570, 190, 71, 5),
(571, 191, 17, 4),
(572, 191, 56, 2),
(573, 191, 79, 5),
(574, 192, 17, 4),
(575, 192, 56, 3),
(576, 192, 79, 5),
(577, 193, 17, 2),
(578, 193, 56, 1),
(579, 193, 79, 2),
(580, 194, 17, 2),
(581, 194, 56, 1),
(582, 194, 79, 1),
(583, 195, 17, 3),
(584, 195, 56, 3),
(585, 195, 79, 3),
(586, 196, 17, 1),
(587, 196, 56, 2),
(588, 196, 79, 1),
(589, 197, 17, 4),
(590, 197, 56, 5),
(591, 197, 79, 3),
(592, 198, 17, 3),
(593, 198, 56, 1),
(594, 198, 79, 4),
(595, 199, 17, 3),
(596, 199, 56, 4),
(597, 199, 79, 1),
(598, 200, 17, 2),
(599, 200, 56, 1),
(600, 200, 79, 1),
(601, 201, 25, 3),
(602, 201, 68, 4),
(603, 201, 82, 2),
(604, 202, 25, 4),
(605, 202, 68, 4),
(606, 202, 82, 2),
(607, 203, 25, 3),
(608, 203, 68, 2),
(609, 203, 82, 3),
(610, 204, 25, 5),
(611, 204, 68, 2),
(612, 204, 82, 3),
(613, 205, 25, 1),
(614, 205, 68, 4),
(615, 205, 82, 5),
(616, 206, 25, 5),
(617, 206, 68, 2),
(618, 206, 82, 4),
(619, 207, 25, 4),
(620, 207, 68, 3),
(621, 207, 82, 5),
(622, 208, 25, 2),
(623, 208, 68, 4),
(624, 208, 82, 2),
(625, 209, 25, 4),
(626, 209, 68, 3),
(627, 209, 82, 1),
(628, 210, 25, 3),
(629, 210, 68, 2),
(630, 210, 82, 1),
(631, 211, 13, 5),
(632, 211, 50, 3),
(633, 211, 69, 4),
(634, 212, 13, 4),
(635, 212, 50, 5),
(636, 212, 69, 1),
(637, 213, 13, 2),
(638, 213, 50, 2),
(639, 213, 69, 4),
(640, 214, 13, 2),
(641, 214, 50, 1),
(642, 214, 69, 1),
(643, 215, 13, 4),
(644, 215, 50, 4),
(645, 215, 69, 1),
(646, 216, 13, 2),
(647, 216, 50, 1),
(648, 216, 69, 1),
(649, 217, 13, 5),
(650, 217, 50, 2),
(651, 217, 69, 4),
(652, 218, 13, 3),
(653, 218, 50, 4),
(654, 218, 69, 1),
(655, 219, 13, 1),
(656, 219, 50, 1),
(657, 219, 69, 4),
(658, 220, 13, 4),
(659, 220, 50, 4),
(660, 220, 69, 5),
(661, 221, 46, 4),
(662, 221, 49, 3),
(663, 221, 84, 3),
(664, 222, 46, 2),
(665, 222, 49, 4),
(666, 222, 84, 2),
(667, 223, 46, 1),
(668, 223, 49, 5),
(669, 223, 84, 4),
(670, 224, 46, 2),
(671, 224, 49, 3),
(672, 224, 84, 3),
(673, 225, 46, 2),
(674, 225, 49, 1),
(675, 225, 84, 2),
(676, 226, 46, 4),
(677, 226, 49, 1),
(678, 226, 84, 5),
(679, 227, 46, 2),
(680, 227, 49, 4),
(681, 227, 84, 3),
(682, 228, 46, 1),
(683, 228, 49, 5),
(684, 228, 84, 2),
(685, 229, 46, 3),
(686, 229, 49, 1),
(687, 229, 84, 4),
(688, 230, 46, 5),
(689, 230, 49, 4),
(690, 230, 84, 4),
(691, 231, 18, 1),
(692, 231, 30, 4),
(693, 231, 48, 1),
(694, 232, 18, 5),
(695, 232, 30, 3),
(696, 232, 48, 3),
(697, 233, 18, 2),
(698, 233, 30, 3),
(699, 233, 48, 4),
(700, 234, 18, 5),
(701, 234, 30, 4),
(702, 234, 48, 3),
(703, 235, 18, 5),
(704, 235, 30, 3),
(705, 235, 48, 3),
(706, 236, 18, 3),
(707, 236, 30, 2),
(708, 236, 48, 3),
(709, 237, 18, 3),
(710, 237, 30, 3),
(711, 237, 48, 5),
(712, 238, 18, 1),
(713, 238, 30, 4),
(714, 238, 48, 5),
(715, 239, 18, 2),
(716, 239, 30, 5),
(717, 239, 48, 3),
(718, 240, 18, 4),
(719, 240, 30, 5),
(720, 240, 48, 5),
(721, 241, 37, 3),
(722, 241, 48, 3),
(723, 241, 60, 4),
(724, 242, 37, 3),
(725, 242, 48, 3),
(726, 242, 60, 4),
(727, 243, 37, 1),
(728, 243, 48, 4),
(729, 243, 60, 1),
(730, 244, 37, 4),
(731, 244, 48, 2),
(732, 244, 60, 1),
(733, 245, 37, 5),
(734, 245, 48, 1),
(735, 245, 60, 5),
(736, 246, 37, 3),
(737, 246, 48, 3),
(738, 246, 60, 2),
(739, 247, 37, 3),
(740, 247, 48, 4),
(741, 247, 60, 5),
(742, 248, 37, 4),
(743, 248, 48, 5),
(744, 248, 60, 2),
(745, 249, 37, 1),
(746, 249, 48, 5),
(747, 249, 60, 5),
(748, 250, 37, 2),
(749, 250, 48, 5),
(750, 250, 60, 5),
(751, 251, 20, 3),
(752, 251, 47, 3),
(753, 251, 61, 2),
(754, 252, 20, 1),
(755, 252, 47, 2),
(756, 252, 61, 1),
(757, 253, 20, 1),
(758, 253, 47, 1),
(759, 253, 61, 3),
(760, 254, 20, 4),
(761, 254, 47, 2),
(762, 254, 61, 3),
(763, 255, 20, 1),
(764, 255, 47, 1),
(765, 255, 61, 5),
(766, 256, 20, 4),
(767, 256, 47, 2),
(768, 256, 61, 4),
(769, 257, 20, 3),
(770, 257, 47, 3),
(771, 257, 61, 5),
(772, 258, 20, 1),
(773, 258, 47, 3),
(774, 258, 61, 3),
(775, 259, 20, 4),
(776, 259, 47, 2),
(777, 259, 61, 3),
(778, 260, 20, 1),
(779, 260, 47, 3),
(780, 260, 61, 2),
(781, 261, 28, 1),
(782, 261, 38, 2),
(783, 261, 96, 4),
(784, 262, 28, 2),
(785, 262, 38, 1),
(786, 262, 96, 1),
(787, 263, 28, 1),
(788, 263, 38, 5),
(789, 263, 96, 1),
(790, 264, 28, 4),
(791, 264, 38, 2),
(792, 264, 96, 5),
(793, 265, 28, 2),
(794, 265, 38, 4),
(795, 265, 96, 4),
(796, 266, 28, 1),
(797, 266, 38, 2),
(798, 266, 96, 1),
(799, 267, 28, 4),
(800, 267, 38, 2),
(801, 267, 96, 1),
(802, 268, 28, 1),
(803, 268, 38, 2),
(804, 268, 96, 5),
(805, 269, 28, 2),
(806, 269, 38, 3),
(807, 269, 96, 5),
(808, 270, 28, 3),
(809, 270, 38, 5),
(810, 270, 96, 4),
(811, 271, 55, 1),
(812, 271, 70, 1),
(813, 271, 100, 4),
(814, 272, 55, 5),
(815, 272, 70, 3),
(816, 272, 100, 4),
(817, 273, 55, 5),
(818, 273, 70, 3),
(819, 273, 100, 5),
(820, 274, 55, 4),
(821, 274, 70, 1),
(822, 274, 100, 5),
(823, 275, 55, 3),
(824, 275, 70, 4),
(825, 275, 100, 2),
(826, 276, 55, 1),
(827, 276, 70, 2),
(828, 276, 100, 4),
(829, 277, 55, 2),
(830, 277, 70, 1),
(831, 277, 100, 5),
(832, 278, 55, 1),
(833, 278, 70, 4),
(834, 278, 100, 5),
(835, 279, 55, 4),
(836, 279, 70, 5),
(837, 279, 100, 2),
(838, 280, 55, 1),
(839, 280, 70, 2),
(840, 280, 100, 2),
(841, 281, 3, 5),
(842, 281, 12, 2),
(843, 281, 26, 2),
(844, 282, 3, 1),
(845, 282, 12, 4),
(846, 282, 26, 3),
(847, 283, 3, 3),
(848, 283, 12, 2),
(849, 283, 26, 4),
(850, 284, 3, 4),
(851, 284, 12, 5),
(852, 284, 26, 4),
(853, 285, 3, 5),
(854, 285, 12, 1),
(855, 285, 26, 5),
(856, 286, 3, 2),
(857, 286, 12, 5),
(858, 286, 26, 2),
(859, 287, 3, 5),
(860, 287, 12, 4),
(861, 287, 26, 4),
(862, 288, 3, 1),
(863, 288, 12, 5),
(864, 288, 26, 2),
(865, 289, 3, 3),
(866, 289, 12, 4),
(867, 289, 26, 2),
(868, 290, 3, 3),
(869, 290, 12, 2),
(870, 290, 26, 1),
(871, 291, 41, 5),
(872, 291, 80, 3),
(873, 291, 83, 2),
(874, 292, 41, 1),
(875, 292, 80, 2),
(876, 292, 83, 1),
(877, 293, 41, 4),
(878, 293, 80, 3),
(879, 293, 83, 1),
(880, 294, 41, 4),
(881, 294, 80, 3),
(882, 294, 83, 4),
(883, 295, 41, 2),
(884, 295, 80, 4),
(885, 295, 83, 3),
(886, 296, 41, 3),
(887, 296, 80, 1),
(888, 296, 83, 4),
(889, 297, 41, 1),
(890, 297, 80, 2),
(891, 297, 83, 1),
(892, 298, 41, 5),
(893, 298, 80, 4),
(894, 298, 83, 1),
(895, 299, 41, 4),
(896, 299, 80, 3),
(897, 299, 83, 4),
(898, 300, 41, 1),
(899, 300, 80, 2),
(900, 300, 83, 3),
(901, 301, 2, 5),
(902, 301, 8, 2),
(903, 301, 56, 1),
(904, 302, 2, 4),
(905, 302, 8, 1),
(906, 302, 56, 1),
(907, 303, 2, 2),
(908, 303, 8, 1),
(909, 303, 56, 5),
(910, 304, 2, 4),
(911, 304, 8, 3),
(912, 304, 56, 5),
(913, 305, 2, 2),
(914, 305, 8, 4),
(915, 305, 56, 5),
(916, 306, 2, 5),
(917, 306, 8, 2),
(918, 306, 56, 4),
(919, 307, 2, 5),
(920, 307, 8, 2),
(921, 307, 56, 3),
(922, 308, 2, 3),
(923, 308, 8, 2),
(924, 308, 56, 4),
(925, 309, 2, 5),
(926, 309, 8, 1),
(927, 309, 56, 5),
(928, 310, 2, 5),
(929, 310, 8, 5),
(930, 310, 56, 4),
(931, 311, 1, 1),
(932, 311, 51, 5),
(933, 311, 61, 4),
(934, 312, 1, 3),
(935, 312, 51, 5),
(936, 312, 61, 3),
(937, 313, 1, 1),
(938, 313, 51, 1),
(939, 313, 61, 1),
(940, 314, 1, 3),
(941, 314, 51, 1),
(942, 314, 61, 1),
(943, 315, 1, 1),
(944, 315, 51, 2),
(945, 315, 61, 3),
(946, 316, 1, 1),
(947, 316, 51, 5),
(948, 316, 61, 4),
(949, 317, 1, 3),
(950, 317, 51, 1),
(951, 317, 61, 1),
(952, 318, 1, 2),
(953, 318, 51, 4),
(954, 318, 61, 2),
(955, 319, 1, 1),
(956, 319, 51, 3),
(957, 319, 61, 3),
(958, 320, 1, 1),
(959, 320, 51, 3),
(960, 320, 61, 2),
(961, 321, 14, 4),
(962, 321, 71, 5),
(963, 321, 77, 4),
(964, 322, 14, 4),
(965, 322, 71, 4),
(966, 322, 77, 4),
(967, 323, 14, 4),
(968, 323, 71, 4),
(969, 323, 77, 1),
(970, 324, 14, 4),
(971, 324, 71, 2),
(972, 324, 77, 1),
(973, 325, 14, 2),
(974, 325, 71, 3),
(975, 325, 77, 2),
(976, 326, 14, 4),
(977, 326, 71, 5),
(978, 326, 77, 4),
(979, 327, 14, 3),
(980, 327, 71, 5),
(981, 327, 77, 3),
(982, 328, 14, 4),
(983, 328, 71, 3),
(984, 328, 77, 3),
(985, 329, 14, 4),
(986, 329, 71, 5),
(987, 329, 77, 2),
(988, 330, 14, 3),
(989, 330, 71, 1),
(990, 330, 77, 5),
(991, 331, 26, 5),
(992, 331, 33, 1),
(993, 331, 41, 3),
(994, 332, 26, 4),
(995, 332, 33, 4),
(996, 332, 41, 4),
(997, 333, 26, 1),
(998, 333, 33, 3),
(999, 333, 41, 3),
(1000, 334, 26, 3),
(1001, 334, 33, 1),
(1002, 334, 41, 1),
(1003, 335, 26, 2),
(1004, 335, 33, 5),
(1005, 335, 41, 5),
(1006, 336, 26, 3),
(1007, 336, 33, 2),
(1008, 336, 41, 5),
(1009, 337, 26, 1),
(1010, 337, 33, 1),
(1011, 337, 41, 1),
(1012, 338, 26, 1),
(1013, 338, 33, 2),
(1014, 338, 41, 2),
(1015, 339, 26, 4),
(1016, 339, 33, 3),
(1017, 339, 41, 4),
(1018, 340, 26, 1),
(1019, 340, 33, 5),
(1020, 340, 41, 3),
(1021, 341, 31, 5),
(1022, 341, 75, 1),
(1023, 341, 81, 3),
(1024, 342, 31, 4),
(1025, 342, 75, 4),
(1026, 342, 81, 2),
(1027, 343, 31, 4),
(1028, 343, 75, 3),
(1029, 343, 81, 1),
(1030, 344, 31, 3),
(1031, 344, 75, 4),
(1032, 344, 81, 3),
(1033, 345, 31, 5),
(1034, 345, 75, 5),
(1035, 345, 81, 5),
(1036, 346, 31, 5),
(1037, 346, 75, 4),
(1038, 346, 81, 5),
(1039, 347, 31, 2),
(1040, 347, 75, 4),
(1041, 347, 81, 5),
(1042, 348, 31, 3),
(1043, 348, 75, 2),
(1044, 348, 81, 1),
(1045, 349, 31, 3),
(1046, 349, 75, 3),
(1047, 349, 81, 1),
(1048, 350, 31, 3),
(1049, 350, 75, 2),
(1050, 350, 81, 3),
(1051, 351, 2, 2),
(1052, 351, 39, 4),
(1053, 351, 47, 4),
(1054, 352, 2, 3),
(1055, 352, 39, 3),
(1056, 352, 47, 4),
(1057, 353, 2, 1),
(1058, 353, 39, 4),
(1059, 353, 47, 2),
(1060, 354, 2, 1),
(1061, 354, 39, 5),
(1062, 354, 47, 1),
(1063, 355, 2, 3),
(1064, 355, 39, 1),
(1065, 355, 47, 4),
(1066, 356, 2, 3),
(1067, 356, 39, 3),
(1068, 356, 47, 4),
(1069, 357, 2, 2),
(1070, 357, 39, 1),
(1071, 357, 47, 4),
(1072, 358, 2, 2),
(1073, 358, 39, 3),
(1074, 358, 47, 5),
(1075, 359, 2, 5),
(1076, 359, 39, 3),
(1077, 359, 47, 1),
(1078, 360, 2, 4),
(1079, 360, 39, 2),
(1080, 360, 47, 2),
(1081, 361, 34, 1),
(1082, 361, 71, 5),
(1083, 361, 82, 5),
(1084, 362, 34, 1),
(1085, 362, 71, 1),
(1086, 362, 82, 3),
(1087, 363, 34, 4),
(1088, 363, 71, 3),
(1089, 363, 82, 4),
(1090, 364, 34, 4),
(1091, 364, 71, 3),
(1092, 364, 82, 5),
(1093, 365, 34, 1),
(1094, 365, 71, 4),
(1095, 365, 82, 1),
(1096, 366, 34, 1),
(1097, 366, 71, 4),
(1098, 366, 82, 3),
(1099, 367, 34, 5),
(1100, 367, 71, 5),
(1101, 367, 82, 3),
(1102, 368, 34, 2),
(1103, 368, 71, 5),
(1104, 368, 82, 1),
(1105, 369, 34, 3),
(1106, 369, 71, 5),
(1107, 369, 82, 5),
(1108, 370, 34, 1),
(1109, 370, 71, 1),
(1110, 370, 82, 3),
(1111, 371, 44, 4),
(1112, 371, 47, 5),
(1113, 371, 98, 1),
(1114, 372, 44, 2),
(1115, 372, 47, 1),
(1116, 372, 98, 3),
(1117, 373, 44, 3),
(1118, 373, 47, 3),
(1119, 373, 98, 3),
(1120, 374, 44, 1),
(1121, 374, 47, 1),
(1122, 374, 98, 1),
(1123, 375, 44, 2),
(1124, 375, 47, 5),
(1125, 375, 98, 5),
(1126, 376, 44, 4),
(1127, 376, 47, 3),
(1128, 376, 98, 5),
(1129, 377, 44, 5),
(1130, 377, 47, 1),
(1131, 377, 98, 2),
(1132, 378, 44, 2),
(1133, 378, 47, 3),
(1134, 378, 98, 4),
(1135, 379, 44, 1),
(1136, 379, 47, 5),
(1137, 379, 98, 4),
(1138, 380, 44, 4),
(1139, 380, 47, 3),
(1140, 380, 98, 2),
(1141, 381, 32, 5),
(1142, 381, 48, 4),
(1143, 381, 76, 1),
(1144, 382, 32, 3),
(1145, 382, 48, 1),
(1146, 382, 76, 4),
(1147, 383, 32, 2),
(1148, 383, 48, 1),
(1149, 383, 76, 1),
(1150, 384, 32, 2),
(1151, 384, 48, 1),
(1152, 384, 76, 3),
(1153, 385, 32, 1),
(1154, 385, 48, 2),
(1155, 385, 76, 1),
(1156, 386, 32, 3),
(1157, 386, 48, 1),
(1158, 386, 76, 4),
(1159, 387, 32, 5),
(1160, 387, 48, 1),
(1161, 387, 76, 5),
(1162, 388, 32, 2),
(1163, 388, 48, 2),
(1164, 388, 76, 5),
(1165, 389, 32, 3),
(1166, 389, 48, 1),
(1167, 389, 76, 4),
(1168, 390, 32, 5),
(1169, 390, 48, 4),
(1170, 390, 76, 1),
(1171, 391, 12, 3),
(1172, 391, 22, 5),
(1173, 391, 99, 5),
(1174, 392, 12, 3),
(1175, 392, 22, 3),
(1176, 392, 99, 3),
(1177, 393, 12, 3),
(1178, 393, 22, 4),
(1179, 393, 99, 2),
(1180, 394, 12, 5),
(1181, 394, 22, 3),
(1182, 394, 99, 4),
(1183, 395, 12, 2),
(1184, 395, 22, 1),
(1185, 395, 99, 5),
(1186, 396, 12, 1),
(1187, 396, 22, 3),
(1188, 396, 99, 1),
(1189, 397, 12, 2),
(1190, 397, 22, 2),
(1191, 397, 99, 2),
(1192, 398, 12, 2),
(1193, 398, 22, 5),
(1194, 398, 99, 4),
(1195, 399, 12, 4),
(1196, 399, 22, 1),
(1197, 399, 99, 5),
(1198, 400, 12, 1),
(1199, 400, 22, 5),
(1200, 400, 99, 2),
(1201, 401, 17, 2),
(1202, 401, 28, 1),
(1203, 401, 60, 4),
(1204, 402, 17, 5),
(1205, 402, 28, 1),
(1206, 402, 60, 5),
(1207, 403, 17, 2),
(1208, 403, 28, 4),
(1209, 403, 60, 2),
(1210, 404, 17, 5),
(1211, 404, 28, 4),
(1212, 404, 60, 2),
(1213, 405, 17, 2),
(1214, 405, 28, 5),
(1215, 405, 60, 1),
(1216, 406, 17, 2),
(1217, 406, 28, 5),
(1218, 406, 60, 5),
(1219, 407, 17, 2),
(1220, 407, 28, 5),
(1221, 407, 60, 4),
(1222, 408, 17, 4),
(1223, 408, 28, 5),
(1224, 408, 60, 1),
(1225, 409, 17, 5),
(1226, 409, 28, 1),
(1227, 409, 60, 1),
(1228, 410, 17, 4),
(1229, 410, 28, 1),
(1230, 410, 60, 5),
(1231, 411, 2, 1),
(1232, 411, 71, 3),
(1233, 411, 72, 2),
(1234, 412, 2, 2),
(1235, 412, 71, 1),
(1236, 412, 72, 5),
(1237, 413, 2, 3),
(1238, 413, 71, 4),
(1239, 413, 72, 4),
(1240, 414, 2, 2),
(1241, 414, 71, 3),
(1242, 414, 72, 2),
(1243, 415, 2, 4),
(1244, 415, 71, 1),
(1245, 415, 72, 2),
(1246, 416, 2, 2),
(1247, 416, 71, 2),
(1248, 416, 72, 3),
(1249, 417, 2, 4),
(1250, 417, 71, 2),
(1251, 417, 72, 1),
(1252, 418, 2, 3),
(1253, 418, 71, 2),
(1254, 418, 72, 4),
(1255, 419, 2, 2),
(1256, 419, 71, 4),
(1257, 419, 72, 1),
(1258, 420, 2, 5),
(1259, 420, 71, 1),
(1260, 420, 72, 5),
(1261, 421, 18, 2),
(1262, 421, 45, 5),
(1263, 421, 79, 5),
(1264, 422, 18, 3),
(1265, 422, 45, 1),
(1266, 422, 79, 4),
(1267, 423, 18, 1),
(1268, 423, 45, 4),
(1269, 423, 79, 4),
(1270, 424, 18, 3),
(1271, 424, 45, 4),
(1272, 424, 79, 4),
(1273, 425, 18, 5),
(1274, 425, 45, 1),
(1275, 425, 79, 1),
(1276, 426, 18, 2),
(1277, 426, 45, 2),
(1278, 426, 79, 1),
(1279, 427, 18, 4),
(1280, 427, 45, 5),
(1281, 427, 79, 5),
(1282, 428, 18, 5),
(1283, 428, 45, 4),
(1284, 428, 79, 5),
(1285, 429, 18, 5),
(1286, 429, 45, 5),
(1287, 429, 79, 2),
(1288, 430, 18, 3),
(1289, 430, 45, 3),
(1290, 430, 79, 2),
(1291, 431, 10, 4),
(1292, 431, 73, 2),
(1293, 431, 80, 4),
(1294, 432, 10, 2),
(1295, 432, 73, 5),
(1296, 432, 80, 4),
(1297, 433, 10, 5),
(1298, 433, 73, 2),
(1299, 433, 80, 4),
(1300, 434, 10, 1),
(1301, 434, 73, 4),
(1302, 434, 80, 4),
(1303, 435, 10, 5),
(1304, 435, 73, 5),
(1305, 435, 80, 4),
(1306, 436, 10, 1),
(1307, 436, 73, 1),
(1308, 436, 80, 1),
(1309, 437, 10, 1),
(1310, 437, 73, 2),
(1311, 437, 80, 3),
(1312, 438, 10, 4),
(1313, 438, 73, 5),
(1314, 438, 80, 1),
(1315, 439, 10, 4),
(1316, 439, 73, 1),
(1317, 439, 80, 2),
(1318, 440, 10, 2),
(1319, 440, 73, 3),
(1320, 440, 80, 2),
(1321, 441, 36, 3),
(1322, 441, 95, 2),
(1323, 441, 98, 3),
(1324, 442, 36, 2),
(1325, 442, 95, 2),
(1326, 442, 98, 1),
(1327, 443, 36, 3),
(1328, 443, 95, 4),
(1329, 443, 98, 3),
(1330, 444, 36, 1),
(1331, 444, 95, 2),
(1332, 444, 98, 4),
(1333, 445, 36, 1),
(1334, 445, 95, 3),
(1335, 445, 98, 2),
(1336, 446, 36, 5),
(1337, 446, 95, 3),
(1338, 446, 98, 4),
(1339, 447, 36, 3),
(1340, 447, 95, 2),
(1341, 447, 98, 5),
(1342, 448, 36, 4),
(1343, 448, 95, 3),
(1344, 448, 98, 2),
(1345, 449, 36, 5),
(1346, 449, 95, 3),
(1347, 449, 98, 5),
(1348, 450, 36, 5),
(1349, 450, 95, 1),
(1350, 450, 98, 3),
(1351, 451, 12, 1),
(1352, 451, 16, 5),
(1353, 451, 41, 1),
(1354, 452, 12, 1),
(1355, 452, 16, 3),
(1356, 452, 41, 5),
(1357, 453, 12, 4),
(1358, 453, 16, 2),
(1359, 453, 41, 1),
(1360, 454, 12, 5),
(1361, 454, 16, 4),
(1362, 454, 41, 2),
(1363, 455, 12, 5),
(1364, 455, 16, 1),
(1365, 455, 41, 3),
(1366, 456, 12, 1),
(1367, 456, 16, 2),
(1368, 456, 41, 5),
(1369, 457, 12, 1),
(1370, 457, 16, 2),
(1371, 457, 41, 1),
(1372, 458, 12, 4),
(1373, 458, 16, 5),
(1374, 458, 41, 5),
(1375, 459, 12, 2),
(1376, 459, 16, 5),
(1377, 459, 41, 3),
(1378, 460, 12, 3),
(1379, 460, 16, 3),
(1380, 460, 41, 5),
(1381, 461, 33, 1),
(1382, 461, 66, 1),
(1383, 461, 91, 4),
(1384, 462, 33, 3),
(1385, 462, 66, 2),
(1386, 462, 91, 2),
(1387, 463, 33, 4),
(1388, 463, 66, 5),
(1389, 463, 91, 4),
(1390, 464, 33, 4),
(1391, 464, 66, 4),
(1392, 464, 91, 4),
(1393, 465, 33, 1),
(1394, 465, 66, 2),
(1395, 465, 91, 4),
(1396, 466, 33, 1),
(1397, 466, 66, 4),
(1398, 466, 91, 1),
(1399, 467, 33, 4),
(1400, 467, 66, 4),
(1401, 467, 91, 3),
(1402, 468, 33, 1),
(1403, 468, 66, 4),
(1404, 468, 91, 4),
(1405, 469, 33, 5),
(1406, 469, 66, 2),
(1407, 469, 91, 4),
(1408, 470, 33, 5),
(1409, 470, 66, 3),
(1410, 470, 91, 2),
(1411, 471, 11, 5),
(1412, 471, 70, 2),
(1413, 471, 72, 3),
(1414, 472, 11, 3),
(1415, 472, 70, 3),
(1416, 472, 72, 2),
(1417, 473, 11, 1),
(1418, 473, 70, 4),
(1419, 473, 72, 1),
(1420, 474, 11, 3),
(1421, 474, 70, 5),
(1422, 474, 72, 1),
(1423, 475, 11, 3),
(1424, 475, 70, 3),
(1425, 475, 72, 4),
(1426, 476, 11, 5),
(1427, 476, 70, 2),
(1428, 476, 72, 1),
(1429, 477, 11, 3),
(1430, 477, 70, 5),
(1431, 477, 72, 4),
(1432, 478, 11, 1),
(1433, 478, 70, 5),
(1434, 478, 72, 1),
(1435, 479, 11, 1),
(1436, 479, 70, 5),
(1437, 479, 72, 3),
(1438, 480, 11, 5),
(1439, 480, 70, 5),
(1440, 480, 72, 4),
(1441, 481, 23, 4),
(1442, 481, 61, 5),
(1443, 481, 67, 5),
(1444, 482, 23, 5),
(1445, 482, 61, 4),
(1446, 482, 67, 4),
(1447, 483, 23, 3),
(1448, 483, 61, 4),
(1449, 483, 67, 4),
(1450, 484, 23, 1),
(1451, 484, 61, 4),
(1452, 484, 67, 2),
(1453, 485, 23, 3),
(1454, 485, 61, 1),
(1455, 485, 67, 2),
(1456, 486, 23, 1),
(1457, 486, 61, 1),
(1458, 486, 67, 4),
(1459, 487, 23, 5),
(1460, 487, 61, 5),
(1461, 487, 67, 4),
(1462, 488, 23, 1),
(1463, 488, 61, 3),
(1464, 488, 67, 5),
(1465, 489, 23, 2),
(1466, 489, 61, 4),
(1467, 489, 67, 3),
(1468, 490, 23, 3),
(1469, 490, 61, 5),
(1470, 490, 67, 4),
(1471, 491, 58, 4),
(1472, 491, 62, 4),
(1473, 491, 95, 1),
(1474, 492, 58, 2),
(1475, 492, 62, 5),
(1476, 492, 95, 2),
(1477, 493, 58, 5),
(1478, 493, 62, 5),
(1479, 493, 95, 2),
(1480, 494, 58, 5),
(1481, 494, 62, 4),
(1482, 494, 95, 3),
(1483, 495, 58, 4),
(1484, 495, 62, 3),
(1485, 495, 95, 5),
(1486, 496, 58, 4),
(1487, 496, 62, 4),
(1488, 496, 95, 4),
(1489, 497, 58, 1),
(1490, 497, 62, 5),
(1491, 497, 95, 1),
(1492, 498, 58, 2),
(1493, 498, 62, 4),
(1494, 498, 95, 2),
(1495, 499, 58, 3),
(1496, 499, 62, 1),
(1497, 499, 95, 2),
(1498, 500, 58, 3),
(1499, 500, 62, 2),
(1500, 500, 95, 1),
(1501, 501, 39, 1),
(1502, 501, 53, 3),
(1503, 501, 87, 2),
(1504, 502, 39, 3),
(1505, 502, 53, 3),
(1506, 502, 87, 3),
(1507, 503, 39, 2),
(1508, 503, 53, 1),
(1509, 503, 87, 2),
(1510, 504, 39, 1),
(1511, 504, 53, 4),
(1512, 504, 87, 3),
(1513, 505, 39, 1),
(1514, 505, 53, 1),
(1515, 505, 87, 5),
(1516, 506, 39, 2),
(1517, 506, 53, 4),
(1518, 506, 87, 4),
(1519, 507, 39, 3),
(1520, 507, 53, 3),
(1521, 507, 87, 1),
(1522, 508, 39, 4),
(1523, 508, 53, 5),
(1524, 508, 87, 1),
(1525, 509, 39, 3),
(1526, 509, 53, 2),
(1527, 509, 87, 2),
(1528, 510, 39, 4),
(1529, 510, 53, 5),
(1530, 510, 87, 5),
(1531, 511, 3, 4),
(1532, 511, 59, 2),
(1533, 511, 69, 1),
(1534, 512, 3, 1),
(1535, 512, 59, 2),
(1536, 512, 69, 3),
(1537, 513, 3, 2),
(1538, 513, 59, 1),
(1539, 513, 69, 3),
(1540, 514, 3, 5),
(1541, 514, 59, 1),
(1542, 514, 69, 4),
(1543, 515, 3, 3),
(1544, 515, 59, 5),
(1545, 515, 69, 3),
(1546, 516, 3, 4),
(1547, 516, 59, 4),
(1548, 516, 69, 5),
(1549, 517, 3, 1),
(1550, 517, 59, 1),
(1551, 517, 69, 2),
(1552, 518, 3, 5),
(1553, 518, 59, 3),
(1554, 518, 69, 4),
(1555, 519, 3, 3),
(1556, 519, 59, 1),
(1557, 519, 69, 2),
(1558, 520, 3, 1),
(1559, 520, 59, 5),
(1560, 520, 69, 1),
(1561, 521, 16, 5),
(1562, 521, 58, 2),
(1563, 521, 82, 5),
(1564, 522, 16, 2),
(1565, 522, 58, 1),
(1566, 522, 82, 4),
(1567, 523, 16, 2),
(1568, 523, 58, 3),
(1569, 523, 82, 2),
(1570, 524, 16, 3),
(1571, 524, 58, 1),
(1572, 524, 82, 1),
(1573, 525, 16, 3),
(1574, 525, 58, 4),
(1575, 525, 82, 3),
(1576, 526, 16, 1),
(1577, 526, 58, 5),
(1578, 526, 82, 4),
(1579, 527, 16, 3),
(1580, 527, 58, 2),
(1581, 527, 82, 2),
(1582, 528, 16, 3),
(1583, 528, 58, 3),
(1584, 528, 82, 5),
(1585, 529, 16, 1),
(1586, 529, 58, 1),
(1587, 529, 82, 3),
(1588, 530, 16, 3),
(1589, 530, 58, 1),
(1590, 530, 82, 2),
(1591, 531, 69, 3),
(1592, 531, 88, 1),
(1593, 531, 95, 2),
(1594, 532, 69, 4),
(1595, 532, 88, 1),
(1596, 532, 95, 2),
(1597, 533, 69, 1),
(1598, 533, 88, 5),
(1599, 533, 95, 1),
(1600, 534, 69, 3),
(1601, 534, 88, 1),
(1602, 534, 95, 5),
(1603, 535, 69, 3),
(1604, 535, 88, 3),
(1605, 535, 95, 2),
(1606, 536, 69, 4),
(1607, 536, 88, 2),
(1608, 536, 95, 5),
(1609, 537, 69, 3),
(1610, 537, 88, 4),
(1611, 537, 95, 1),
(1612, 538, 69, 3),
(1613, 538, 88, 1),
(1614, 538, 95, 1),
(1615, 539, 69, 4),
(1616, 539, 88, 4),
(1617, 539, 95, 3),
(1618, 540, 69, 3),
(1619, 540, 88, 4),
(1620, 540, 95, 5),
(1621, 541, 1, 2),
(1622, 541, 28, 1),
(1623, 541, 84, 1),
(1624, 542, 1, 4),
(1625, 542, 28, 5),
(1626, 542, 84, 4),
(1627, 543, 1, 5),
(1628, 543, 28, 1),
(1629, 543, 84, 4),
(1630, 544, 1, 5),
(1631, 544, 28, 1),
(1632, 544, 84, 2),
(1633, 545, 1, 1),
(1634, 545, 28, 1),
(1635, 545, 84, 5),
(1636, 546, 1, 2),
(1637, 546, 28, 3),
(1638, 546, 84, 3),
(1639, 547, 1, 1),
(1640, 547, 28, 1),
(1641, 547, 84, 3),
(1642, 548, 1, 2),
(1643, 548, 28, 3),
(1644, 548, 84, 5),
(1645, 549, 1, 1),
(1646, 549, 28, 3),
(1647, 549, 84, 4),
(1648, 550, 1, 5),
(1649, 550, 28, 3),
(1650, 550, 84, 3),
(1651, 551, 44, 5),
(1652, 551, 76, 3),
(1653, 551, 82, 2),
(1654, 552, 44, 3),
(1655, 552, 76, 4),
(1656, 552, 82, 4),
(1657, 553, 44, 3),
(1658, 553, 76, 3),
(1659, 553, 82, 4),
(1660, 554, 44, 3),
(1661, 554, 76, 1),
(1662, 554, 82, 2),
(1663, 555, 44, 2),
(1664, 555, 76, 3),
(1665, 555, 82, 2),
(1666, 556, 44, 2),
(1667, 556, 76, 2),
(1668, 556, 82, 4),
(1669, 557, 44, 4),
(1670, 557, 76, 2),
(1671, 557, 82, 2),
(1672, 558, 44, 2),
(1673, 558, 76, 5),
(1674, 558, 82, 2),
(1675, 559, 44, 2),
(1676, 559, 76, 2),
(1677, 559, 82, 2),
(1678, 560, 44, 1),
(1679, 560, 76, 4),
(1680, 560, 82, 2),
(1681, 561, 49, 5),
(1682, 561, 54, 5),
(1683, 561, 68, 3),
(1684, 562, 49, 4),
(1685, 562, 54, 3),
(1686, 562, 68, 2),
(1687, 563, 49, 3),
(1688, 563, 54, 5),
(1689, 563, 68, 4),
(1690, 564, 49, 2),
(1691, 564, 54, 2),
(1692, 564, 68, 3),
(1693, 565, 49, 2),
(1694, 565, 54, 1),
(1695, 565, 68, 4),
(1696, 566, 49, 1),
(1697, 566, 54, 4),
(1698, 566, 68, 3),
(1699, 567, 49, 4),
(1700, 567, 54, 3),
(1701, 567, 68, 1),
(1702, 568, 49, 1),
(1703, 568, 54, 2),
(1704, 568, 68, 1),
(1705, 569, 49, 4),
(1706, 569, 54, 5),
(1707, 569, 68, 3),
(1708, 570, 49, 1),
(1709, 570, 54, 1),
(1710, 570, 68, 4),
(1711, 571, 61, 1),
(1712, 571, 64, 4),
(1713, 571, 67, 5),
(1714, 572, 61, 2),
(1715, 572, 64, 3),
(1716, 572, 67, 2),
(1717, 573, 61, 4),
(1718, 573, 64, 3),
(1719, 573, 67, 5),
(1720, 574, 61, 3),
(1721, 574, 64, 3),
(1722, 574, 67, 4),
(1723, 575, 61, 3),
(1724, 575, 64, 5),
(1725, 575, 67, 3),
(1726, 576, 61, 4),
(1727, 576, 64, 1),
(1728, 576, 67, 5),
(1729, 577, 61, 5),
(1730, 577, 64, 2),
(1731, 577, 67, 3),
(1732, 578, 61, 2),
(1733, 578, 64, 1),
(1734, 578, 67, 3),
(1735, 579, 61, 1),
(1736, 579, 64, 2),
(1737, 579, 67, 2),
(1738, 580, 61, 4),
(1739, 580, 64, 2),
(1740, 580, 67, 1),
(1741, 581, 13, 4),
(1742, 581, 42, 1),
(1743, 581, 88, 3),
(1744, 582, 13, 1),
(1745, 582, 42, 5),
(1746, 582, 88, 2),
(1747, 583, 13, 2),
(1748, 583, 42, 1),
(1749, 583, 88, 3),
(1750, 584, 13, 2),
(1751, 584, 42, 5),
(1752, 584, 88, 2),
(1753, 585, 13, 1),
(1754, 585, 42, 2),
(1755, 585, 88, 1),
(1756, 586, 13, 4),
(1757, 586, 42, 2),
(1758, 586, 88, 2),
(1759, 587, 13, 4),
(1760, 587, 42, 2),
(1761, 587, 88, 4),
(1762, 588, 13, 3),
(1763, 588, 42, 1),
(1764, 588, 88, 1),
(1765, 589, 13, 5),
(1766, 589, 42, 4),
(1767, 589, 88, 3),
(1768, 590, 13, 4),
(1769, 590, 42, 1),
(1770, 590, 88, 3),
(1771, 591, 12, 1),
(1772, 591, 47, 5),
(1773, 591, 78, 1),
(1774, 592, 12, 5),
(1775, 592, 47, 5),
(1776, 592, 78, 3),
(1777, 593, 12, 3),
(1778, 593, 47, 1),
(1779, 593, 78, 4),
(1780, 594, 12, 2),
(1781, 594, 47, 3),
(1782, 594, 78, 3),
(1783, 595, 12, 2),
(1784, 595, 47, 4),
(1785, 595, 78, 3),
(1786, 596, 12, 2),
(1787, 596, 47, 3),
(1788, 596, 78, 5),
(1789, 597, 12, 4),
(1790, 597, 47, 2),
(1791, 597, 78, 1),
(1792, 598, 12, 2),
(1793, 598, 47, 5),
(1794, 598, 78, 2),
(1795, 599, 12, 3),
(1796, 599, 47, 5),
(1797, 599, 78, 2),
(1798, 600, 12, 1),
(1799, 600, 47, 4),
(1800, 600, 78, 5),
(1801, 601, 40, 5),
(1802, 601, 61, 2),
(1803, 601, 67, 2),
(1804, 602, 40, 2),
(1805, 602, 61, 5),
(1806, 602, 67, 2),
(1807, 603, 40, 2),
(1808, 603, 61, 5),
(1809, 603, 67, 5),
(1810, 604, 40, 4),
(1811, 604, 61, 3),
(1812, 604, 67, 2),
(1813, 605, 40, 3),
(1814, 605, 61, 4),
(1815, 605, 67, 3),
(1816, 606, 40, 4),
(1817, 606, 61, 3),
(1818, 606, 67, 1),
(1819, 607, 40, 5),
(1820, 607, 61, 5),
(1821, 607, 67, 4),
(1822, 608, 40, 1),
(1823, 608, 61, 2),
(1824, 608, 67, 4),
(1825, 609, 40, 5),
(1826, 609, 61, 2),
(1827, 609, 67, 1),
(1828, 610, 40, 5),
(1829, 610, 61, 5),
(1830, 610, 67, 4),
(1831, 611, 49, 1),
(1832, 611, 52, 2),
(1833, 611, 80, 3),
(1834, 612, 49, 3),
(1835, 612, 52, 3),
(1836, 612, 80, 2),
(1837, 613, 49, 4),
(1838, 613, 52, 1),
(1839, 613, 80, 1),
(1840, 614, 49, 2),
(1841, 614, 52, 2),
(1842, 614, 80, 4),
(1843, 615, 49, 3),
(1844, 615, 52, 3),
(1845, 615, 80, 4),
(1846, 616, 49, 2),
(1847, 616, 52, 4),
(1848, 616, 80, 2),
(1849, 617, 49, 4),
(1850, 617, 52, 3),
(1851, 617, 80, 3),
(1852, 618, 49, 2),
(1853, 618, 52, 3),
(1854, 618, 80, 3),
(1855, 619, 49, 5),
(1856, 619, 52, 3),
(1857, 619, 80, 2),
(1858, 620, 49, 4),
(1859, 620, 52, 5),
(1860, 620, 80, 3),
(1861, 621, 15, 2),
(1862, 621, 47, 3),
(1863, 621, 79, 3),
(1864, 622, 15, 3),
(1865, 622, 47, 4),
(1866, 622, 79, 4),
(1867, 623, 15, 5),
(1868, 623, 47, 3),
(1869, 623, 79, 2),
(1870, 624, 15, 5),
(1871, 624, 47, 2),
(1872, 624, 79, 2),
(1873, 625, 15, 2),
(1874, 625, 47, 2),
(1875, 625, 79, 2),
(1876, 626, 15, 4),
(1877, 626, 47, 4),
(1878, 626, 79, 2),
(1879, 627, 15, 2),
(1880, 627, 47, 5),
(1881, 627, 79, 3),
(1882, 628, 15, 5),
(1883, 628, 47, 2),
(1884, 628, 79, 3),
(1885, 629, 15, 3),
(1886, 629, 47, 1),
(1887, 629, 79, 5),
(1888, 630, 15, 1),
(1889, 630, 47, 4),
(1890, 630, 79, 3),
(1891, 631, 1, 5),
(1892, 631, 59, 1),
(1893, 631, 66, 2),
(1894, 632, 1, 4),
(1895, 632, 59, 3),
(1896, 632, 66, 2),
(1897, 633, 1, 5),
(1898, 633, 59, 5),
(1899, 633, 66, 3),
(1900, 634, 1, 1),
(1901, 634, 59, 3),
(1902, 634, 66, 4),
(1903, 635, 1, 3),
(1904, 635, 59, 1),
(1905, 635, 66, 2),
(1906, 636, 1, 4),
(1907, 636, 59, 4),
(1908, 636, 66, 2),
(1909, 637, 1, 4),
(1910, 637, 59, 2),
(1911, 637, 66, 2),
(1912, 638, 1, 4),
(1913, 638, 59, 1),
(1914, 638, 66, 1),
(1915, 639, 1, 5),
(1916, 639, 59, 3),
(1917, 639, 66, 2),
(1918, 640, 1, 3),
(1919, 640, 59, 1),
(1920, 640, 66, 2),
(1921, 641, 36, 3),
(1922, 641, 64, 2),
(1923, 641, 72, 5),
(1924, 642, 36, 3),
(1925, 642, 64, 2),
(1926, 642, 72, 5),
(1927, 643, 36, 4),
(1928, 643, 64, 1),
(1929, 643, 72, 5),
(1930, 644, 36, 3),
(1931, 644, 64, 5),
(1932, 644, 72, 4),
(1933, 645, 36, 3),
(1934, 645, 64, 5),
(1935, 645, 72, 3),
(1936, 646, 36, 3),
(1937, 646, 64, 2),
(1938, 646, 72, 1),
(1939, 647, 36, 4),
(1940, 647, 64, 2),
(1941, 647, 72, 1),
(1942, 648, 36, 3),
(1943, 648, 64, 4),
(1944, 648, 72, 5),
(1945, 649, 36, 3),
(1946, 649, 64, 5),
(1947, 649, 72, 1),
(1948, 650, 36, 5),
(1949, 650, 64, 2),
(1950, 650, 72, 4),
(1951, 651, 28, 1),
(1952, 651, 70, 1),
(1953, 651, 78, 5),
(1954, 652, 28, 4),
(1955, 652, 70, 1),
(1956, 652, 78, 3),
(1957, 653, 28, 1),
(1958, 653, 70, 1),
(1959, 653, 78, 5),
(1960, 654, 28, 4),
(1961, 654, 70, 5),
(1962, 654, 78, 5),
(1963, 655, 28, 4),
(1964, 655, 70, 4),
(1965, 655, 78, 4),
(1966, 656, 28, 3),
(1967, 656, 70, 1),
(1968, 656, 78, 1),
(1969, 657, 28, 3),
(1970, 657, 70, 2),
(1971, 657, 78, 3),
(1972, 658, 28, 4),
(1973, 658, 70, 3),
(1974, 658, 78, 5),
(1975, 659, 28, 5),
(1976, 659, 70, 4),
(1977, 659, 78, 2),
(1978, 660, 28, 1),
(1979, 660, 70, 1),
(1980, 660, 78, 3),
(1981, 661, 34, 3),
(1982, 661, 83, 1),
(1983, 661, 86, 3),
(1984, 662, 34, 4),
(1985, 662, 83, 4),
(1986, 662, 86, 5),
(1987, 663, 34, 1),
(1988, 663, 83, 5),
(1989, 663, 86, 1),
(1990, 664, 34, 4),
(1991, 664, 83, 5),
(1992, 664, 86, 4),
(1993, 665, 34, 1),
(1994, 665, 83, 1),
(1995, 665, 86, 4),
(1996, 666, 34, 3),
(1997, 666, 83, 1),
(1998, 666, 86, 2),
(1999, 667, 34, 3),
(2000, 667, 83, 3),
(2001, 667, 86, 2),
(2002, 668, 34, 4),
(2003, 668, 83, 1),
(2004, 668, 86, 1),
(2005, 669, 34, 2),
(2006, 669, 83, 1),
(2007, 669, 86, 3),
(2008, 670, 34, 2),
(2009, 670, 83, 3),
(2010, 670, 86, 2),
(2011, 671, 54, 5),
(2012, 671, 75, 1),
(2013, 671, 80, 2),
(2014, 672, 54, 2),
(2015, 672, 75, 4),
(2016, 672, 80, 1),
(2017, 673, 54, 4),
(2018, 673, 75, 5),
(2019, 673, 80, 2),
(2020, 674, 54, 3),
(2021, 674, 75, 5),
(2022, 674, 80, 1),
(2023, 675, 54, 4),
(2024, 675, 75, 4),
(2025, 675, 80, 5),
(2026, 676, 54, 5),
(2027, 676, 75, 3),
(2028, 676, 80, 3),
(2029, 677, 54, 1),
(2030, 677, 75, 4),
(2031, 677, 80, 5),
(2032, 678, 54, 5),
(2033, 678, 75, 4),
(2034, 678, 80, 5),
(2035, 679, 54, 3),
(2036, 679, 75, 3),
(2037, 679, 80, 5),
(2038, 680, 54, 5),
(2039, 680, 75, 2),
(2040, 680, 80, 1),
(2041, 681, 14, 5),
(2042, 681, 16, 3),
(2043, 681, 65, 4),
(2044, 682, 14, 5),
(2045, 682, 16, 4),
(2046, 682, 65, 5),
(2047, 683, 14, 1),
(2048, 683, 16, 2),
(2049, 683, 65, 5),
(2050, 684, 14, 3),
(2051, 684, 16, 2),
(2052, 684, 65, 2),
(2053, 685, 14, 5),
(2054, 685, 16, 3),
(2055, 685, 65, 3),
(2056, 686, 14, 1),
(2057, 686, 16, 2),
(2058, 686, 65, 1),
(2059, 687, 14, 2),
(2060, 687, 16, 4),
(2061, 687, 65, 3),
(2062, 688, 14, 1),
(2063, 688, 16, 3),
(2064, 688, 65, 5),
(2065, 689, 14, 5),
(2066, 689, 16, 3),
(2067, 689, 65, 2),
(2068, 690, 14, 3),
(2069, 690, 16, 3),
(2070, 690, 65, 3),
(2071, 691, 11, 3),
(2072, 691, 15, 2),
(2073, 691, 93, 1),
(2074, 692, 11, 3),
(2075, 692, 15, 5),
(2076, 692, 93, 2),
(2077, 693, 11, 1),
(2078, 693, 15, 1),
(2079, 693, 93, 4),
(2080, 694, 11, 4),
(2081, 694, 15, 4),
(2082, 694, 93, 1),
(2083, 695, 11, 5),
(2084, 695, 15, 1),
(2085, 695, 93, 4),
(2086, 696, 11, 3),
(2087, 696, 15, 2),
(2088, 696, 93, 4),
(2089, 697, 11, 3),
(2090, 697, 15, 5),
(2091, 697, 93, 1),
(2092, 698, 11, 2),
(2093, 698, 15, 3),
(2094, 698, 93, 5),
(2095, 699, 11, 5),
(2096, 699, 15, 3),
(2097, 699, 93, 5),
(2098, 700, 11, 2),
(2099, 700, 15, 1),
(2100, 700, 93, 5),
(2101, 701, 5, 2),
(2102, 701, 10, 4),
(2103, 701, 99, 4),
(2104, 702, 5, 1),
(2105, 702, 10, 2),
(2106, 702, 99, 2),
(2107, 703, 5, 4),
(2108, 703, 10, 3),
(2109, 703, 99, 1),
(2110, 704, 5, 2),
(2111, 704, 10, 4),
(2112, 704, 99, 1),
(2113, 705, 5, 4),
(2114, 705, 10, 5),
(2115, 705, 99, 2),
(2116, 706, 5, 1),
(2117, 706, 10, 5),
(2118, 706, 99, 3),
(2119, 707, 5, 5),
(2120, 707, 10, 2),
(2121, 707, 99, 3),
(2122, 708, 5, 3),
(2123, 708, 10, 2),
(2124, 708, 99, 1),
(2125, 709, 5, 2),
(2126, 709, 10, 5),
(2127, 709, 99, 5),
(2128, 710, 5, 1),
(2129, 710, 10, 4),
(2130, 710, 99, 5),
(2131, 711, 44, 3),
(2132, 711, 52, 2),
(2133, 711, 77, 2),
(2134, 712, 44, 4),
(2135, 712, 52, 4),
(2136, 712, 77, 3),
(2137, 713, 44, 2),
(2138, 713, 52, 1),
(2139, 713, 77, 5),
(2140, 714, 44, 5),
(2141, 714, 52, 5),
(2142, 714, 77, 5),
(2143, 715, 44, 5),
(2144, 715, 52, 3),
(2145, 715, 77, 3),
(2146, 716, 44, 3),
(2147, 716, 52, 1),
(2148, 716, 77, 4),
(2149, 717, 44, 4),
(2150, 717, 52, 1),
(2151, 717, 77, 2),
(2152, 718, 44, 1),
(2153, 718, 52, 3),
(2154, 718, 77, 2),
(2155, 719, 44, 1),
(2156, 719, 52, 3),
(2157, 719, 77, 5),
(2158, 720, 44, 3),
(2159, 720, 52, 4),
(2160, 720, 77, 1),
(2161, 721, 28, 2),
(2162, 721, 30, 5),
(2163, 721, 36, 2),
(2164, 722, 28, 3),
(2165, 722, 30, 2),
(2166, 722, 36, 2),
(2167, 723, 28, 2),
(2168, 723, 30, 3),
(2169, 723, 36, 1),
(2170, 724, 28, 3),
(2171, 724, 30, 2),
(2172, 724, 36, 4),
(2173, 725, 28, 2),
(2174, 725, 30, 4),
(2175, 725, 36, 2),
(2176, 726, 28, 5),
(2177, 726, 30, 5),
(2178, 726, 36, 2),
(2179, 727, 28, 1),
(2180, 727, 30, 3),
(2181, 727, 36, 1),
(2182, 728, 28, 1),
(2183, 728, 30, 2),
(2184, 728, 36, 4),
(2185, 729, 28, 5),
(2186, 729, 30, 3),
(2187, 729, 36, 5),
(2188, 730, 28, 4),
(2189, 730, 30, 1),
(2190, 730, 36, 1),
(2191, 731, 34, 3),
(2192, 731, 45, 5),
(2193, 731, 74, 4),
(2194, 732, 34, 2),
(2195, 732, 45, 5),
(2196, 732, 74, 5),
(2197, 733, 34, 4),
(2198, 733, 45, 4),
(2199, 733, 74, 1),
(2200, 734, 34, 5),
(2201, 734, 45, 1),
(2202, 734, 74, 5),
(2203, 735, 34, 5),
(2204, 735, 45, 1),
(2205, 735, 74, 4),
(2206, 736, 34, 5),
(2207, 736, 45, 2),
(2208, 736, 74, 2),
(2209, 737, 34, 5),
(2210, 737, 45, 5),
(2211, 737, 74, 1),
(2212, 738, 34, 3),
(2213, 738, 45, 4),
(2214, 738, 74, 5),
(2215, 739, 34, 1),
(2216, 739, 45, 3),
(2217, 739, 74, 5),
(2218, 740, 34, 3),
(2219, 740, 45, 1),
(2220, 740, 74, 5),
(2221, 741, 14, 2),
(2222, 741, 47, 3),
(2223, 741, 59, 2),
(2224, 742, 14, 3),
(2225, 742, 47, 3),
(2226, 742, 59, 5),
(2227, 743, 14, 2),
(2228, 743, 47, 5),
(2229, 743, 59, 1),
(2230, 744, 14, 4),
(2231, 744, 47, 5),
(2232, 744, 59, 5),
(2233, 745, 14, 4),
(2234, 745, 47, 5),
(2235, 745, 59, 5),
(2236, 746, 14, 2),
(2237, 746, 47, 5),
(2238, 746, 59, 5),
(2239, 747, 14, 4),
(2240, 747, 47, 1),
(2241, 747, 59, 1),
(2242, 748, 14, 2),
(2243, 748, 47, 1),
(2244, 748, 59, 4),
(2245, 749, 14, 5),
(2246, 749, 47, 5),
(2247, 749, 59, 2),
(2248, 750, 14, 1),
(2249, 750, 47, 4),
(2250, 750, 59, 2),
(2251, 751, 71, 5),
(2252, 751, 97, 3),
(2253, 751, 100, 2),
(2254, 752, 71, 5),
(2255, 752, 97, 4),
(2256, 752, 100, 4),
(2257, 753, 71, 2),
(2258, 753, 97, 5),
(2259, 753, 100, 2),
(2260, 754, 71, 3),
(2261, 754, 97, 4),
(2262, 754, 100, 3),
(2263, 755, 71, 5),
(2264, 755, 97, 2),
(2265, 755, 100, 3),
(2266, 756, 71, 1),
(2267, 756, 97, 3),
(2268, 756, 100, 3),
(2269, 757, 71, 3),
(2270, 757, 97, 4),
(2271, 757, 100, 3),
(2272, 758, 71, 2),
(2273, 758, 97, 3),
(2274, 758, 100, 2),
(2275, 759, 71, 2),
(2276, 759, 97, 5),
(2277, 759, 100, 5),
(2278, 760, 71, 5),
(2279, 760, 97, 1),
(2280, 760, 100, 5),
(2281, 761, 20, 3),
(2282, 761, 51, 1),
(2283, 761, 72, 2),
(2284, 762, 20, 5),
(2285, 762, 51, 1),
(2286, 762, 72, 1),
(2287, 763, 20, 4),
(2288, 763, 51, 3),
(2289, 763, 72, 5),
(2290, 764, 20, 2),
(2291, 764, 51, 5),
(2292, 764, 72, 2),
(2293, 765, 20, 5),
(2294, 765, 51, 4),
(2295, 765, 72, 4),
(2296, 766, 20, 2),
(2297, 766, 51, 5),
(2298, 766, 72, 2),
(2299, 767, 20, 4),
(2300, 767, 51, 4),
(2301, 767, 72, 4),
(2302, 768, 20, 1),
(2303, 768, 51, 3),
(2304, 768, 72, 5),
(2305, 769, 20, 5),
(2306, 769, 51, 2),
(2307, 769, 72, 4),
(2308, 770, 20, 3),
(2309, 770, 51, 1),
(2310, 770, 72, 1),
(2311, 771, 22, 3),
(2312, 771, 49, 4),
(2313, 771, 67, 2),
(2314, 772, 22, 3),
(2315, 772, 49, 4),
(2316, 772, 67, 3),
(2317, 773, 22, 3),
(2318, 773, 49, 5),
(2319, 773, 67, 2),
(2320, 774, 22, 4),
(2321, 774, 49, 2),
(2322, 774, 67, 4),
(2323, 775, 22, 3),
(2324, 775, 49, 2),
(2325, 775, 67, 2),
(2326, 776, 22, 5),
(2327, 776, 49, 5),
(2328, 776, 67, 2),
(2329, 777, 22, 5),
(2330, 777, 49, 4),
(2331, 777, 67, 5),
(2332, 778, 22, 5),
(2333, 778, 49, 4),
(2334, 778, 67, 5),
(2335, 779, 22, 2),
(2336, 779, 49, 5),
(2337, 779, 67, 2),
(2338, 780, 22, 5),
(2339, 780, 49, 5),
(2340, 780, 67, 5),
(2341, 781, 23, 5),
(2342, 781, 82, 2),
(2343, 781, 99, 5),
(2344, 782, 23, 5),
(2345, 782, 82, 4),
(2346, 782, 99, 3),
(2347, 783, 23, 4),
(2348, 783, 82, 3),
(2349, 783, 99, 5),
(2350, 784, 23, 4),
(2351, 784, 82, 3),
(2352, 784, 99, 4),
(2353, 785, 23, 2),
(2354, 785, 82, 1),
(2355, 785, 99, 3),
(2356, 786, 23, 1),
(2357, 786, 82, 1),
(2358, 786, 99, 3),
(2359, 787, 23, 5),
(2360, 787, 82, 5),
(2361, 787, 99, 5),
(2362, 788, 23, 4),
(2363, 788, 82, 1),
(2364, 788, 99, 3),
(2365, 789, 23, 4),
(2366, 789, 82, 1),
(2367, 789, 99, 3),
(2368, 790, 23, 3),
(2369, 790, 82, 3),
(2370, 790, 99, 2),
(2371, 791, 8, 5),
(2372, 791, 11, 3),
(2373, 791, 61, 1),
(2374, 792, 8, 1),
(2375, 792, 11, 4),
(2376, 792, 61, 4),
(2377, 793, 8, 2),
(2378, 793, 11, 4),
(2379, 793, 61, 1),
(2380, 794, 8, 3),
(2381, 794, 11, 3),
(2382, 794, 61, 4),
(2383, 795, 8, 2),
(2384, 795, 11, 4),
(2385, 795, 61, 5),
(2386, 796, 8, 5),
(2387, 796, 11, 4),
(2388, 796, 61, 1),
(2389, 797, 8, 5),
(2390, 797, 11, 1),
(2391, 797, 61, 4),
(2392, 798, 8, 5),
(2393, 798, 11, 4),
(2394, 798, 61, 1),
(2395, 799, 8, 3),
(2396, 799, 11, 5),
(2397, 799, 61, 1),
(2398, 800, 8, 1),
(2399, 800, 11, 5),
(2400, 800, 61, 3);

-- --------------------------------------------------------

--
-- Δομή πίνακα για τον πίνακα `section`
--

CREATE TABLE `section` (
  `section_id` int(11) NOT NULL,
  `name` varchar(45) NOT NULL,
  `description` text NOT NULL
) ENGINE=InnoDB DEFAULT CHARSET=utf8mb4 COLLATE=utf8mb4_general_ci;

--
-- Άδειασμα δεδομένων του πίνακα `section`
--

INSERT INTO `section` (`section_id`, `name`, `description`) VALUES
(1, 'Spicy Delights', 'A collection of recipes that pack a spicy punch'),
(2, 'Comfort Classics', 'Classic comfort foods that warm the soul'),
(3, 'Seafood Sensations', 'Delicious seafood dishes to delight your palate'),
(4, 'Healthy & Fresh', 'Fresh and healthy recipes for a balanced diet'),
(5, 'Vegetarian Favorites', 'Tasty and satisfying vegetarian dishes'),
(6, 'International Flavors', 'Recipes with flavors from around the world'),
(7, 'Decadent Desserts', 'Indulgent desserts to satisfy your sweet tooth'),
(8, 'Hearty Mains', 'Substantial main courses for any meal'),
(9, 'Flavorful Sides', 'Sides that complement any main dish'),
(10, 'Pasta and Grains', 'Pasta and grain-based recipes for all tastes');

-- --------------------------------------------------------

--
-- Δομή πίνακα για τον πίνακα `step`
--

CREATE TABLE `step` (
  `step_id` int(11) NOT NULL,
  `description` text NOT NULL
) ENGINE=InnoDB DEFAULT CHARSET=utf8mb4 COLLATE=utf8mb4_general_ci;

--
-- Άδειασμα δεδομένων του πίνακα `step`
--

INSERT INTO `step` (`step_id`, `description`) VALUES
(1, 'In a bowl, combine chicken breast strips with olive oil, lime juice, garlic, chili powder, cumin, paprika, salt, and pepper. Marinate for at least 30 minutes.'),
(2, 'Preheat the grill to medium-high heat.'),
(3, 'Grill the marinated chicken for 5-7 minutes on each side until fully cooked.'),
(4, 'While the chicken is grilling, warm the tortillas on the grill for about 30 seconds on each side.'),
(5, 'Slice the grilled chicken and place it on the tortillas. Add toppings like diced onions, cilantro, sliced avocado, and a squeeze of lime.'),
(6, 'Serve the tacos with your favorite salsa and a side of Mexican rice.'),
(7, 'Heat chicken or vegetable broth in a pot and keep it warm.'),
(8, 'In a large pan, sauté sliced mushrooms in butter until golden brown. Remove and set aside.In the same pan, add more butter and sauté finely chopped onions and garlic until translucent.'),
(9, 'Add Arborio rice to the pan and toast for 2-3 minutes until slightly translucent.'),
(10, 'Add a ladleful of warm broth to the rice, stirring continuously until absorbed. Repeat until the rice is creamy and cooked through.'),
(11, ' Stir in the sautéed mushrooms, grated Parmesan cheese, and a bit of cream. Garnish with chopped parsley and serve immediately.'),
(12, 'In a bowl, combine shrimp with lemon juice, minced garlic, olive oil, salt, pepper, and red pepper flakes. Marinate for 15-20 minutes.'),
(13, 'In a large skillet, heat some olive oil over medium-high heat.\r\n Add the marinated shrimp to the skillet and cook for 2-3 minutes on each side until pink and opaque.\r\n In the same skillet, add more lemon juice and zest, a bit of white wine, and butter. Cook until the sauce slightly thickens.'),
(14, 'Return the shrimp to the skillet and toss to coat with the sauce. Serve immediately with a side of pasta or rice.'),
(15, 'Cut beef chuck into bite-sized pieces. Chop onions, carrots, potatoes, and celery.'),
(16, 'In a large pot, heat oil over medium-high heat and brown the beef on all sides.\r\nAdd onions, garlic, carrots, celery, and potatoes to the pot. Cook until the onions are translucent.'),
(17, 'Pour in beef broth, add bay leaves, thyme, salt, and pepper. Bring to a boil.\r\nReduce the heat to low, cover, and simmer for 2-3 hours until the beef is tender and the flavors are well combined.'),
(18, 'Serve the stew hot with crusty bread.'),
(19, 'In a bowl, mix soy sauce, honey, garlic, ginger, and a bit of orange juice.Place pork chops in the marinade and refrigerate for at least 1 hour.'),
(20, 'In an oven-safe skillet, heat oil and sear the pork chops on both sides until golden brown.'),
(21, 'Transfer the skillet to the oven and bake for 15-20 minutes until the pork chops are cooked through.'),
(22, 'In a small saucepan, reduce the leftover marinade until it thickens into a glaze.'),
(23, 'Drizzle the glaze over the pork chops and serve with steamed vegetables.'),
(24, 'Slice a baguette into thin pieces and toast them lightly in the oven.'),
(25, 'In a bowl, combine diced tomatoes, minced garlic, chopped fresh basil, olive oil, balsamic vinegar, salt, and pepper.'),
(26, ' Spoon the tomato mixture onto the toasted baguette slices.'),
(27, 'Garnish with additional fresh basil leaves.\r\n Serve immediately as an appetizer.'),
(28, 'Roll out pizza dough on a floured surface to your desired thickness.'),
(29, 'Preheat the oven to the highest setting (usually around 475°F or 250°C) and place a pizza stone inside if you have one.'),
(30, 'Spread a thin layer of tomato sauce over the dough.'),
(31, 'Add fresh mozzarella cheese slices and fresh basil leaves.'),
(32, 'Transfer the pizza to the preheated oven and bake for 10-12 minutes until the crust is golden and the cheese is bubbly.'),
(33, 'Drizzle with a bit of olive oil and a sprinkle of salt. Slice and serve hot.'),
(34, ' Rub a pork shoulder with a mixture of smoked paprika, brown sugar, salt, pepper, garlic powder, and onion powder.'),
(35, 'Place the pork shoulder in a slow cooker and add a bit of apple cider vinegar and chicken broth. Cook on low for 8-10 hours.'),
(36, ' In a saucepan, combine ketchup, apple cider vinegar, brown sugar, Worcestershire sauce, and spices. Simmer until thickened.'),
(37, 'Toss the shredded pork with the BBQ sauce.'),
(38, 'Serve the pulled pork on toasted buns with coleslaw.'),
(39, 'In a bowl, mix flour, sugar, baking powder, and salt. In another bowl, whisk together milk, eggs, and melted butter.'),
(40, ' Pour the wet ingredients into the dry ingredients and mix until just combined. Gently fold in fresh blueberries.'),
(41, 'Heat a griddle or non-stick skillet over medium heat and grease it lightly with butter.'),
(42, ' Pour batter onto the griddle to form pancakes. Cook until bubbles form on the surface, then flip and cook until golden brown.'),
(43, 'Serve the pancakes hot with maple syrup and additional blueberries.'),
(44, 'Preheat the oven to 425°F (220°C). Grease and flour the ramekins.'),
(45, 'In a microwave-safe bowl, melt dark chocolate and butter together.'),
(46, 'In another bowl, whisk together eggs, egg yolks, sugar, and a pinch of salt. Add the melted chocolate mixture and mix. Fold in flour until just combined.'),
(47, 'Pour the batter into the prepared ramekins.'),
(48, 'Bake for 12-14 minutes until the edges are set but the center is still soft.'),
(49, ' Let the cakes cool for a minute, then run a knife around the edges and invert onto plates. Serve immediately with a scoop of vanilla ice cream.'),
(50, 'Preheat the grill to medium-high heat.'),
(51, 'Drizzle with olive oil and grill for 6-7 minutes per side, until cooked through.'),
(52, 'In a bowl, combine mangoes, bell pepper, red onion, jalapeño, lime juice, and cilantro.\r\nMix well and season with salt to taste.'),
(53, 'Serve the grilled chicken with the mango salsa on top.'),
(54, 'Cook fettuccine according to package instructions. Drain and set aside.'),
(55, 'Heat olive oil in a large skillet over medium-high heat. Cook shrimp for 2-3 minutes per side until pink. Remove and set aside.'),
(56, 'n the same skillet, add garlic and sauté until fragrant, about 1 minute.\r\nPour in heavy cream and bring to a simmer.\r\nStir in Parmesan cheese until melted and smooth.'),
(57, 'Add cooked pasta, shrimp, and baby spinach (if using) to the skillet. Toss to coat.'),
(58, 'Garnish with parsley and serve immediately.'),
(59, 'Preheat the oven to 400°F (200°C).'),
(60, 'Season the salmon fillets with salt and pepper.'),
(61, 'Mix parsley, dill, and thyme in a bowl.\r\nPress the herb mixture onto the top of each salmon fillet.'),
(62, 'Heat olive oil in an ovenproof skillet over medium-high heat. Sear salmon, herb-side down, for 2-3 minutes.'),
(63, 'Transfer the skillet to the oven and bake for 10-12 minutes, until salmon is cooked through.'),
(64, 'Serve with additional lemon wedges.'),
(65, 'Preheat the oven to 375°F (190°C).'),
(66, 'Cut the tops off the bell peppers and remove seeds and membranes.'),
(67, 'In a pot, bring quinoa and vegetable broth to a boil. Reduce heat, cover, and simmer for 15 minutes until quinoa is cooked.'),
(68, 'In a bowl, combine cooked quinoa, chickpeas, tomatoes, olives, feta, parsley, salt, and pepper.'),
(69, 'Stuff the mixture into the bell peppers.'),
(70, 'Place stuffed peppers in a baking dish and drizzle with olive oil.\r\nCover with foil and bake for 30 minutes. Remove foil and bake for an additional 10 minutes.'),
(71, 'Serve warm.'),
(72, 'Preheat the oven to 375°F (190°C).'),
(73, 'Heat olive oil in a large ovenproof skillet over medium-high heat. Sear pork on all sides until browned, about 4 minutes per side.'),
(74, 'In a small bowl, whisk together honey, Dijon mustard, garlic, and apple cider vinegar.'),
(75, 'Brush the honey mixture over the pork.'),
(76, 'Transfer the skillet to the oven and roast for 15-20 minutes, until the internal temperature reaches 145°F (63°C).'),
(77, 'Serve with extra glaze on the side.'),
(78, 'Preheat the oven to 425°F (220°C).'),
(79, 'Arrange bell peppers, tomatoes, onion, and garlic on a baking sheet. Drizzle with olive oil and season with salt and pepper.'),
(80, 'Roast for 25-30 minutes until vegetables are tender and slightly charred.'),
(81, 'Transfer roasted vegetables to a blender. Add vegetable broth and blend until smooth.'),
(82, 'Pour the soup into a pot and bring to a simmer over medium heat.'),
(83, 'Adjust seasoning to taste and serve hot.'),
(84, 'In a large bowl, combine avocados, lettuce, tomatoes, red onion, and cilantro.'),
(85, 'In a large bowl, combine avocados, lettuce, tomatoes, red onion, and cilantro.'),
(86, 'In a small bowl, whisk together lime juice, olive oil, salt, and pepper.'),
(87, 'Pour the dressing over the salad and toss gently to combine.'),
(88, 'Serve immediately.'),
(89, 'Preheat the oven to 400°F (200°C).'),
(90, 'Toss sweet potatoes with olive oil, chili powder, cumin, salt, and pepper. Spread on a baking sheet.'),
(91, 'Roast for 25-30 minutes until tender and lightly browned.'),
(92, 'In a small saucepan, heat black beans until warm.'),
(93, 'Fill tortillas with roasted sweet potatoes and black beans.'),
(94, 'Top with avocado slices, a squeeze of lime, and fresh cilantro.'),
(95, 'Serve immediately.'),
(96, 'Toss butternut squash with 1 tbsp olive oil, salt, and pepper. Roast for 20-25 minutes until tender.'),
(97, 'In a large pot, heat remaining olive oil over medium heat. Sauté onion until translucent, about 5 minutes.'),
(98, 'Add garlic and arborio rice, stirring for 2 minutes.'),
(99, 'Gradually add warmed broth, one ladle at a time, stirring continuously until absorbed before adding more.'),
(100, 'Continue until rice is creamy and al dente, about 20 minutes.'),
(101, 'Stir in roasted squash, Parmesan cheese, and sage.'),
(102, 'Adjust seasoning and serve immediately.'),
(103, 'Pre-bake the tart crust according to package instructions or your homemade recipe. Let cool completely.'),
(104, 'In a saucepan, heat heavy cream over medium heat until it just begins to simmer.'),
(105, 'Remove from heat and add the chopped dark chocolate. Let sit for 2-3 minutes to melt the chocolate, then stir until smooth.'),
(106, 'Add hazelnut spread and vanilla extract to the chocolate mixture, stirring until fully combined.'),
(107, 'Pour the chocolate hazelnut filling into the cooled tart crust, spreading evenly.'),
(108, 'Chill the tart in the refrigerator for at least an hour to set the filling.Slice and serve.'),
(109, 'In a bowl, combine pineapple juice, sweet chili sauce, garlic, soy sauce, and ginger.'),
(110, 'Marinate the chicken thighs in the mixture for at least 1 hour.'),
(111, 'Preheat the grill to medium-high heat.'),
(112, 'Grill the chicken thighs for 6-7 minutes on each side, or until fully cooked.'),
(113, 'Serve with steamed jasmine rice.'),
(114, 'Rinse quinoa under cold water.'),
(115, 'In a pot, bring water to a boil and add quinoa.'),
(116, 'Reduce heat, cover, and simmer for 15 minutes, or until water is absorbed.'),
(117, 'In a large bowl, combine cooked quinoa, avocado, orange, grapefruit, and red onion.'),
(118, 'Drizzle with olive oil and lime juice, and season with salt and pepper.'),
(119, 'Toss gently to combine and serve.'),
(120, 'Preheat grill to medium-high heat.'),
(121, 'In a bowl, combine melted butter, garlic, lemon juice, salt, and pepper.'),
(122, 'Thread shrimp onto skewers.'),
(123, 'Brush shrimp with garlic butter mixture.'),
(124, 'Grill shrimp for 2-3 minutes on each side, or until pink and opaque.'),
(125, 'Serve immediately.'),
(126, 'Cook pasta according to package instructions.'),
(127, 'In a large skillet, sauté garlic in olive oil until fragrant.'),
(128, 'Add cherry tomatoes and cook until softened.'),
(129, 'Stir in heavy cream and bring to a simmer.'),
(130, 'Add Parmesan cheese and stir until melted.'),
(131, 'Toss cooked pasta with the sauce and basil.'),
(132, 'Season with salt and pepper to taste and serve.'),
(133, 'Preheat oven to 400°F (200°C).'),
(134, 'In a bowl, toss bell peppers, onion, and zucchini with olive oil, chipotle powder, cumin, smoked paprika, salt, and pepper.'),
(135, 'Spread vegetables on a baking sheet and roast for 20 minutes, or until tender.'),
(136, 'Warm tortillas and fill with roasted vegetables and black beans.'),
(137, 'Top with avocado crema and cilantro, and serve.'),
(138, 'Preheat oven to 375°F (190°C).'),
(139, 'In a bowl, combine maple syrup and Dijon mustard.'),
(140, 'Place salmon fillets on a baking sheet and season with salt and pepper.'),
(141, 'Brush salmon with maple syrup mixture and top with chopped pecans.'),
(142, 'Bake for 15-20 minutes, or until salmon is cooked through.'),
(143, 'Serve immediately.'),
(144, 'Rinse rice and lentils under cold water.'),
(145, 'In a pot, sauté onion and garlic in olive oil until softened.'),
(146, 'Add rice, lentils, and saffron threads, and stir to combine.'),
(147, 'Pour in vegetable broth and bring to a boil.'),
(148, 'Reduce heat, cover, and simmer for 20 minutes, or until rice and lentils are tender.'),
(149, 'Fluff with a fork and garnish with toasted almonds and fresh herbs.'),
(150, 'Season with salt and pepper to taste and serve.'),
(151, 'In a bowl, combine honey, Dijon mustard, and apple cider vinegar.'),
(152, 'Season pork chops with salt and pepper.'),
(153, 'Brush pork chops with honey Dijon mixture.'),
(154, 'Preheat grill to medium-high heat.'),
(155, 'Grill pork chops for 4-5 minutes on each side, or until fully cooked.'),
(156, 'Serve with roasted vegetables.'),
(157, 'In a pot, combine coconut milk, vegetable broth, red curry paste, and fish sauce.'),
(158, 'Bring to a simmer and add bell pepper, sweet potato, and pineapple chunks.'),
(159, 'Cook until vegetables are tender, about 15 minutes.'),
(160, 'Stir in lime juice and garnish with fresh cilantro.'),
(161, 'Serve hot.'),
(162, 'Preheat oven to 350°F (175°C).'),
(163, 'In a bowl, combine flour, oats, almond flour, melted butter, brown sugar, and granulated sugar.'),
(164, 'Press half of the mixture into the bottom of a greased baking pan.'),
(165, 'Spread raspberry jam over the crust.'),
(166, 'Sprinkle remaining crumble mixture and sliced almonds on top.'),
(167, 'Bake for 25-30 minutes, or until golden brown'),
(168, 'Let cool before cutting into bars and serving.'),
(169, 'In a bowl, combine olive oil, lemon juice, minced garlic, chopped fresh herbs (such as rosemary, thyme, and parsley), salt, and pepper.'),
(170, 'Marinate the chicken breasts in the mixture for at least 30 minutes.'),
(171, 'Preheat the grill to medium-high heat.'),
(172, 'Grill the chicken breasts for 6-7 minutes on each side, or until fully cooked.'),
(173, 'Let the chicken rest for a few minutes before serving.'),
(174, 'Cook the noodles according to package instructions and drain.'),
(175, 'In a bowl, whisk together peanut butter, soy sauce, sriracha, lime juice, and a bit of warm water until smooth.'),
(176, 'Toss the cooked noodles with the peanut sauce.'),
(177, 'Top with chopped peanuts, cilantro, and green onions before serving.'),
(178, 'Preheat the oven to 400°F (200°C).'),
(179, 'Toss halved Brussels sprouts with olive oil, salt, and pepper.'),
(180, 'Spread them on a baking sheet and roast for 20-25 minutes, until tender and caramelized.'),
(181, 'Drizzle with balsamic glaze before serving.'),
(182, 'In a pot, sauté chopped onions and garlic in olive oil until softened.'),
(183, 'Add cumin, coriander, paprika, and cinnamon, and cook for another minute.'),
(184, 'Stir in canned chickpeas, diced tomatoes, vegetable broth, and dried apricots.'),
(185, 'Simmer for 20-25 minutes until the flavors meld.'),
(186, 'Serve with couscous and garnish with fresh cilantro.'),
(187, 'Cook grits according to package instructions, adding butter and cheese for extra creaminess.'),
(188, 'In a bowl, toss shrimp with Cajun seasoning.'),
(189, 'Sauté the seasoned shrimp in a skillet with butter until cooked through, about 2-3 minutes per side.'),
(190, 'Serve the shrimp over the creamy grits.'),
(191, 'Cook pasta according to package instructions and drain.'),
(192, 'In a large bowl, toss the cooked pasta with basil pesto sauce and chopped sun-dried tomatoes.'),
(193, 'Sprinkle with Parmesan cheese and serve immediately.'),
(194, 'Preheat the oven to 400°F (200°C).'),
(195, 'Toss halved Brussels sprouts with olive oil, salt, and pepper.'),
(196, 'Spread them on a baking sheet and roast for 20-25 minutes, until tender and caramelized.'),
(197, 'In the last 5 minutes, sprinkle chopped cooked bacon over the sprouts.'),
(198, 'Drizzle with maple syrup before serving.'),
(199, 'Marinate salmon fillets in teriyaki sauce for at least 30 minutes.'),
(200, 'Preheat the grill to medium-high heat.'),
(201, 'Grill the salmon fillets for 4-5 minutes on each side, or until cooked through.'),
(202, 'Serve the salmon over rice with steamed vegetables and extra teriyaki sauce.'),
(203, 'Marinate chicken pieces in a mixture of olive oil, lemon juice, garlic, oregano, salt, and pepper for at least 1 hour.'),
(204, 'Preheat a skillet over medium-high heat and cook the chicken until fully cooked.'),
(205, 'Warm pita bread and fill with the cooked chicken, tzatziki sauce, sliced tomatoes, and onions.'),
(206, 'Serve immediately.'),
(207, 'In a pot, sauté chopped onions, garlic, and ginger in coconut oil until fragrant.'),
(208, 'Add curry powder and cook for another minute.'),
(209, 'Stir in chicken pieces and cook until browned.'),
(210, 'Add coconut milk, lime juice, and chicken broth, and simmer for 15-20 minutes until the chicken is cooked through.'),
(211, 'Garnish with fresh cilantro and serve with rice.'),
(212, 'In a pot, sauté chopped onions and garlic in butter until softened.'),
(213, 'Add Arborio rice and cook for 1-2 minutes.'),
(214, 'Gradually add hot chicken broth, one ladle at a time, stirring constantly until the rice is creamy and cooked through.'),
(215, 'Stir in roasted butternut squash, Parmesan cheese, and fresh sage.'),
(216, 'Season with salt and pepper to taste and serve.'),
(217, 'Marinate thinly sliced beef in Korean BBQ sauce for at least 1 hour.'),
(218, 'Preheat a skillet over medium-high heat and cook the beef until fully cooked.'),
(219, 'Warm tortillas and fill with the cooked beef, kimchi, and a drizzle of sriracha mayo.'),
(220, 'Serve immediately.'),
(221, 'Cook quinoa according to package instructions and let cool.'),
(222, 'In a large bowl, combine the cooked quinoa with diced cucumbers, tomatoes, olives, and crumbled feta cheese.'),
(223, 'Toss with a lemon vinaigrette and serve chilled.'),
(224, 'Preheat the oven to 400°F (200°C).'),
(225, 'Toss chicken wings with salt, pepper, and a bit of oil.'),
(226, 'Spread them on a baking sheet and bake for 40-45 minutes, turning halfway through, until crispy.'),
(227, 'In a bowl, mix honey and sriracha, then toss the baked wings in the sauce.'),
(228, 'Serve immediately.'),
(229, 'Preheat the oven to 375°F (190°C).'),
(230, 'Cook quinoa according to package instructions and let cool.'),
(231, 'Mix the cooked quinoa with black beans, corn, diced tomatoes, and spices.'),
(232, 'Stuff the bell peppers with the quinoa mixture and place them in a baking dish.'),
(233, 'Cover with foil and bake for 30-35 minutes, until the peppers are tender.'),
(234, 'In a skillet, sauté sliced mushrooms and onions in butter until softened.'),
(235, 'Add garlic and cook for another minute.'),
(236, 'Stir in sour cream, beef broth, and a bit of flour to thicken.'),
(237, 'Simmer until the sauce is creamy and thickened.'),
(238, 'Serve over egg noodles and garnish with fresh parsley.'),
(239, 'Pat the scallops dry with paper towels.'),
(240, 'In a skillet, melt butter and add minced garlic and lemon zest.'),
(241, 'Sear the scallops in the garlic butter for 2-3 minutes on each side, until golden and cooked through.'),
(242, 'Squeeze fresh lemon juice over the scallops and serve immediately.'),
(243, 'Preheat the oven to 375°F (190°C).'),
(244, 'In a bowl, mix chopped spinach, crumbled feta, minced garlic, salt, and pepper.'),
(245, 'Cut a pocket into each chicken breast and stuff with the spinach mixture.'),
(246, 'Secure with toothpicks and place in a baking dish.'),
(247, 'Bake for 25-30 minutes, until the chicken is cooked through.'),
(248, 'In a pot, sauté green curry paste in a bit of coconut oil until fragrant.'),
(249, 'Add coconut milk and bring to a simmer.'),
(250, 'Stir in mixed vegetables and cook until tender, about 10-15 minutes.'),
(251, 'Season with fish sauce and lime juice to taste.'),
(252, 'Serve with jasmine rice.'),
(253, 'Preheat the oven to 350°F (175°C).'),
(254, 'In a bowl, mix graham cracker crumbs, melted butter, and sugar, and press into a baking pan.'),
(255, 'In another bowl, beat cream cheese, sugar, eggs, lemon zest, and lemon juice until smooth.'),
(256, 'Pour the cream cheese mixture over the crust and swirl in blueberry preserves.'),
(257, 'Bake for 25-30 minutes, until set. Let cool completely before cutting into bars.');

-- --------------------------------------------------------

--
-- Δομή πίνακα για τον πίνακα `tag`
--

CREATE TABLE `tag` (
  `tag_id` int(11) NOT NULL,
  `description` text NOT NULL
) ENGINE=InnoDB DEFAULT CHARSET=utf8mb4 COLLATE=utf8mb4_general_ci;

--
-- Άδειασμα δεδομένων του πίνακα `tag`
--

INSERT INTO `tag` (`tag_id`, `description`) VALUES
(1, 'brunch'),
(2, 'quick-lunch'),
(3, 'lunch'),
(4, 'comfort food'),
(5, 'vegeterian'),
(6, 'healthy'),
(7, 'slow-cooked'),
(8, 'starter'),
(9, 'dinner'),
(10, 'dessert');

-- --------------------------------------------------------

--
-- Δομή πίνακα για τον πίνακα `tips`
--

CREATE TABLE `tips` (
  `tips_id` int(11) NOT NULL,
  `description` text NOT NULL
) ENGINE=InnoDB DEFAULT CHARSET=utf8mb4 COLLATE=utf8mb4_general_ci;

--
-- Άδειασμα δεδομένων του πίνακα `tips`
--

INSERT INTO `tips` (`tips_id`, `description`) VALUES
(1, 'Marinate the chicken for at least 2 hours to ensure it absorbs the flavors well.'),
(2, 'Use a meat thermometer to check for doneness; chicken should reach an internal temperature of 165°F.'),
(3, 'Roast the tomatoes before adding them to the soup for a richer flavor.'),
(4, 'Add a splash of cream or coconut milk for extra creaminess.'),
(5, 'Brown the beef well before stewing to develop deep, rich flavors.'),
(6, 'Cook the stew low and slow to ensure the meat becomes tender.'),
(7, 'Use a mix of apple varieties for a balanced flavor and texture.'),
(8, 'Chill the pie dough before rolling it out to prevent it from shrinking.'),
(9, 'Use fresh lemon juice and zest for the best flavor.'),
(10, 'Blind bake the tart crust to avoid a soggy bottom.'),
(11, 'Mix the garlic into softened butter for even distribution.'),
(12, 'Use a combination of cheeses for a richer taste.'),
(13, 'Cut vegetables into uniform sizes to ensure even roasting.'),
(14, 'Toss the veggies with olive oil and your favorite herbs before roasting.'),
(15, 'Don’t overcook the shrimp; they only need a few minutes until they turn pink.'),
(16, 'Reserve some pasta water to adjust the sauce consistency if needed.'),
(17, 'Cook lentils until just tender to avoid mushiness.'),
(18, 'Add a splash of vinegar or lemon juice to brighten the flavors.'),
(19, 'Don’t overmix the batter; it’s okay if it’s a bit lumpy.'),
(20, 'Let the batter rest for a few minutes before cooking.'),
(21, 'Use ripe mangoes for the best flavor and sweetness.'),
(22, 'Grill or sear the chicken to add a smoky flavor to the dish.'),
(23, 'Use freshly grated Parmesan for a better texture and taste.'),
(24, 'Add the garlic at the end of cooking to prevent it from burning.'),
(25, 'Press the herb mixture firmly onto the salmon to help it adhere.'),
(26, 'Bake the salmon on a lined baking sheet for easy cleanup.'),
(27, 'Precook the quinoa to ensure it’s fully cooked inside the peppers.'),
(28, 'Top with a bit of cheese and broil at the end for a golden crust.'),
(29, 'Sear the pork tenderloin before glazing to lock in juices.'),
(30, 'Let the meat rest after cooking to allow the juices to redistribute.'),
(31, 'Roast the peppers and tomatoes to enhance their natural sweetness.'),
(32, 'Blend the soup until smooth for a silky texture.'),
(33, 'Add the avocado last to prevent it from browning.'),
(34, 'Use fresh lime juice and zest for the best flavor.'),
(35, 'Roast the sweet potatoes with spices to bring out their natural sweetness.'),
(36, 'Warm the tortillas before serving for better pliability and flavor.'),
(37, 'Stir the risotto frequently to release the starch and achieve a creamy texture.'),
(38, 'Roast the butternut squash separately and fold it in at the end.'),
(39, 'Use high-quality chocolate for the best flavor.'),
(40, 'Sprinkle sea salt just before serving for a delightful contrast.'),
(41, 'Marinate the chicken in the sweet chili sauce for at least an hour.'),
(42, 'Use fresh pineapple for a more vibrant flavor.'),
(43, 'Cook the quinoa in vegetable or chicken broth for added flavor.'),
(44, 'Add the citrus segments just before serving to keep them fresh and juicy.'),
(45, 'Soak wooden skewers in water for 30 minutes to prevent burning.'),
(46, 'Brush the shrimp with garlic butter while grilling for maximum flavor.'),
(47, 'Use fresh basil for a more vibrant and aromatic dish.'),
(48, 'Add a splash of pasta water to the sauce for a silky texture.'),
(49, 'Use chipotle peppers in adobo sauce for a smoky, spicy flavor.'),
(50, 'Top with fresh cilantro and a squeeze of lime for added brightness.'),
(51, 'Toast the pecans before using them to enhance their flavor.'),
(52, 'Brush the salmon with the glaze in the last few minutes of baking to prevent burning.'),
(53, 'Soak the saffron in warm water before adding it to the rice for better color and flavor.'),
(54, 'Cook the lentils separately to ensure they don’t overcook and become mushy.'),
(55, 'Marinate the pork chops for at least an hour to infuse them with flavor.'),
(56, 'Grill the chops over medium heat to avoid drying them out.'),
(57, 'Use full-fat coconut milk for a richer, creamier soup.'),
(58, 'Garnish with fresh cilantro and lime for a burst of freshness.'),
(59, 'Use fresh or high-quality frozen raspberries for the best taste.'),
(60, 'Toast the almonds before adding them to the crumble for extra flavor.'),
(61, 'Marinate the chicken in lemon juice and herbs for at least 2 hours.'),
(62, 'Grill over medium-high heat to get nice grill marks without burning.'),
(63, 'Use smooth peanut butter for a creamy sauce.'),
(64, 'Add a bit of sriracha or chili paste for an extra kick of heat.'),
(65, 'Roast the Brussels sprouts until they are crispy and caramelized.'),
(66, 'Toss with the balsamic glaze just before serving to maintain their crunch.'),
(67, 'Use a blend of warm spices like cumin, coriander, and cinnamon.'),
(68, 'Simmer the stew slowly to let the flavors meld together.'),
(69, 'Use stone-ground grits for the best texture.'),
(70, 'Season the shrimp with Cajun spices and cook them quickly to avoid overcooking.'),
(71, 'Use fresh basil for the pesto to achieve a vibrant green color.'),
(72, 'Rehydrate the sun-dried tomatoes in hot water if they are too dry.'),
(73, 'Roast the Brussels sprouts with the bacon to let the flavors meld.'),
(74, 'Drizzle with maple syrup just before serving for a sweet finish.'),
(75, 'Marinate the salmon in teriyaki sauce for at least 30 minutes.'),
(76, 'Serve with steamed rice and vegetables for a complete meal.'),
(77, 'Marinate the chicken in yogurt and spices for at least 2 hours.'),
(78, 'Serve with homemade tzatziki for an authentic taste.'),
(79, 'Use coconut cream for a richer, creamier curry.'),
(80, 'Add lime zest and juice just before serving for a fresh, zesty flavor.'),
(81, 'Stir frequently and add broth gradually for a creamy texture.'),
(82, 'Roast the butternut squash before adding it to the risotto for a deeper flavor.'),
(83, 'Marinate the beef in a mix of soy sauce, garlic, ginger, and sesame oil.'),
(84, 'Top with kimchi or pickled vegetables for a tangy contrast.'),
(85, 'Cook quinoa in vegetable broth for extra flavor.'),
(86, 'Add a mix of fresh herbs like parsley, mint, and dill.'),
(87, 'Bake or grill the wings for a healthier alternative to frying.'),
(88, 'Toss in honey and sriracha mixture just before serving for maximum stickiness.'),
(89, 'Precook the quinoa and mix with beans, corn, and spices before stuffing.'),
(90, 'Top with cheese and bake until the peppers are tender and the cheese is melted.'),
(91, 'Use a mix of mushrooms for a deeper, more complex flavor.'),
(92, 'Add a splash of white wine to the sauce for extra depth.'),
(93, 'Pat the scallops dry before cooking to get a good sear.'),
(94, 'Cook over high heat for just a few minutes on each side.'),
(95, 'Pound the chicken breasts to an even thickness for uniform cooking.'),
(96, 'Secure with toothpicks to keep the stuffing in place while cooking.'),
(97, 'Use fresh, high-quality curry paste for the best flavor.'),
(98, 'Add the vegetables in stages to ensure they are all cooked properly.'),
(99, 'Use fresh blueberries and lemon zest for the best flavor.'),
(100, 'Chill the bars thoroughly before cutting for clean slices.');

-- --------------------------------------------------------

--
-- Δομή πίνακα για τον πίνακα `user`
--

CREATE TABLE `user` (
  `user_id` int(11) NOT NULL,
  `username` varchar(15) NOT NULL,
  `password` varchar(15) NOT NULL,
  `type` varchar(11) NOT NULL
) ENGINE=InnoDB DEFAULT CHARSET=utf8mb4 COLLATE=utf8mb4_general_ci;

--
-- Άδειασμα δεδομένων του πίνακα `user`
--

INSERT INTO `user` (`user_id`, `username`, `password`, `type`) VALUES
(1, 'lgerard0', 'nC6!1eX(4', 'chef'),
(2, 'gkirkam1', 'eC1#}.Qo@RgKo{', 'chef'),
(3, 'lspickett2', 'eO6$)eOFOy>A', 'chef'),
(4, 'dreadwin3', 'nZ2~$gIrLdy6', 'chef'),
(5, 'mclipson4', 'dL5=B\'}DKy=hObN', 'chef'),
(6, 'vvolonte5', 'xB0%Yhc,~fw', 'chef'),
(7, 'kmealand6', 'eY8~!AnKLuQuK5s', 'chef'),
(8, 'dkidston7', 'iG7`)/0te\\_Lj,d', 'chef'),
(9, 'egoede8', 'uR7\"5.%>n#', 'chef'),
(10, 'alorie9', 'rT8&J%b9rrMU)', 'chef'),
(11, 'cseelya', 'zY9\"<osn', 'chef'),
(12, 'eramsbyb', 'vL7=&FK72', 'chef'),
(13, 'lgervaisec', 'rJ7`&scyP{F', 'chef'),
(14, 'lcowsbyd', 'hG3)_}&jR#IcUA', 'chef'),
(15, 'gdiblinge', 'aT9,xux4`xirhzi', 'chef'),
(16, 'ecalteronef', 'yU2|\"(H(>', 'chef'),
(17, 'fwoodg', 'jW7!zRKDA7A', 'chef'),
(18, 'locahsedyh', 'uZ1`JJH5', 'chef'),
(19, 'jeffordi', 'kL3*Q8h7/jw', 'chef'),
(20, 'hbankhurstj', 'uQ8/yq*+IL7u\'E|', 'chef'),
(21, 'anorburyk', 'dE3_,\'@Q!\'', 'chef'),
(22, 'swarwickl', 'oQ2|HNi62yX', 'chef'),
(23, 'kgogginm', 'lX4>F$QF{<|oE', 'chef'),
(24, 'ccanton', 'jL7~JN.n599<', 'chef'),
(25, 'eleismano', 'kT2==LrK\'+k=6Qc', 'chef'),
(26, 'acraggsp', 'xJ0>kSO}.', 'chef'),
(27, 'bkuschelq', 'mN3_6O9yk*B=u*', 'chef'),
(28, 'bnootr', 'mN0{KL_cY>sFYA', 'chef'),
(29, 'thammondss', 'mX3{xE2hvcNA', 'chef'),
(30, 'tsimoneschit', 'uV9/JkEi', 'chef'),
(31, 'bmarmionu', 'aG3#3rJ5%!', 'chef'),
(32, 'spietersmav', 'fJ6/>.C2#', 'chef'),
(33, 'bscholesw', 'rC4\'X+o3', 'chef'),
(34, 'lmoodiex', 'lR0~G#8<H.p', 'chef'),
(35, 'sbegwelly', 'cU8<9Gg&.', 'chef'),
(36, 'apersickez', 'eL1+WVC|.Wj', 'chef'),
(37, 'lquennell10', 'lC8@2{lx}1%', 'chef'),
(38, 'jcrucetti11', 'xI0>T7Fg9E</05', 'chef'),
(39, 'mtraut12', 'xO5<Zj2.u', 'chef'),
(40, 'fpillifant13', 'kF0#s2#g', 'chef'),
(41, 'mmantrup14', 'wU0)hfmS', 'chef'),
(42, 'bekell15', 'eV1(7i7P4CDs1', 'chef'),
(43, 'ejersh16', 'vY6(8v2a(lZqe', 'chef'),
(44, 'ebutterfield17', 'wB0.,o?cOq5k%w', 'chef'),
(45, 'msturney18', 'yI0\"=B?o', 'chef'),
(46, 'gingleby19', 'mE8_af|k', 'chef'),
(47, 'gbickerdicke1a', 'sT4\"X,mu', 'chef'),
(48, 'ericks1b', 'sE3|up1W3EXtKR<', 'chef'),
(49, 'kskahill1c', 'eH8.=j9Y?', 'chef'),
(50, 'acrighton1d', 'fG1)=Y\'c<', 'chef'),
(51, 'nweatherburn1e', 'yH1(87|@4hWX_$<', 'chef'),
(52, 'rrue1f', 'yF1(G|4U#}#`E<6', 'chef'),
(53, 'lknoles1g', 'aA6(KXQ.Mp4=', 'chef'),
(54, 'ajenno1h', 'vO9_b!dU2j2', 'chef'),
(55, 'ltitley1i', 'pJ9*13>bIvmI', 'chef'),
(56, 'lovey1j', 'fK9.9!9\'m26>f&=', 'chef'),
(57, 'dmeacher1k', 'wU9\'QX4R4>wBO', 'chef'),
(58, 'npurkiss1l', 'xY2%TdHhSW#c&$K', 'chef'),
(59, 'zpiddock1m', 'kB3W=\"``5XD+hv', 'chef'),
(60, 'pducker1n', 'dB3\'cL3K\'WWd', 'chef'),
(61, 'gtemperley1o', 'aZ8#x`qMv{3by', 'chef'),
(62, 'ncometson1p', 'hL6+oNj8jj2\">', 'chef'),
(63, 'zhenzley1q', 'zQ3%f.F0mF', 'chef'),
(64, 'tseydlitz1r', 'mW8+O*A)Y*8Y1ZP', 'chef'),
(65, 'dnanni1s', 'tY4,@xoo9', 'chef'),
(66, 'rstubbe1t', 'xO9\"t041r', 'chef'),
(67, 'gewbach1u', 'iF5\"J=7<1~,?', 'chef'),
(68, 'ckeneford1v', 'uM3*1NhMnx!ADE', 'chef'),
(69, 'dbeldon1w', 'uZ3&,Bw64\"0h\'HS', 'chef'),
(70, 'fmcffaden1x', 'pY6$?t()', 'chef'),
(71, 'mpaolinelli1y', 'cU3{LS?Kk{V45', 'chef'),
(72, 'eherion1z', 'kQ5)Dmf7w\'', 'chef'),
(73, 'hbakewell20', 'xL8=sy1fNM>', 'chef'),
(74, 'vgreason21', 'mA7/F$p$yp3o~Xw', 'chef'),
(75, 'nkinnar22', 'qK6`TkJLR4!', 'chef'),
(76, 'wberr23', 'pG5)Qd%JF', 'chef'),
(77, 'fyaakov24', 'fD9\"Mz$W2@|', 'chef'),
(78, 'hmclagan25', 'mH6.S3/{.', 'chef'),
(79, 'fburchfield26', 'wP0~mtFbtz@6h', 'chef'),
(80, 'adeely27', 'oK4~.CF2)Bs`\"|4', 'chef'),
(81, 'hwahncke28', 'lT0*h9_', 'chef'),
(82, 'ikraft29', 'oO3\"5JRt@', 'chef'),
(83, 'kporkiss2a', 'kM9.~r4A', 'chef'),
(84, 'sgoude2b', 'lK2\"8,jB7$Yf\'q>', 'chef'),
(85, 'aclouston2c', 'xO3(OzeDVBY9', 'chef'),
(86, 'apeterken2d', 'qM6?8fT9{1IxP', 'chef'),
(87, 'tdreini2e', 'oN9_LMGfTNf0n>(', 'chef'),
(88, 'hpurveys2f', 'dO9?wDwY7', 'chef'),
(89, 'dmoryson2g', 'jR5|AD+tCF_ckLN', 'chef'),
(90, 'lschneider2h', 'fH1(\"TAs/)CX', 'chef'),
(91, 'igallanders2i', 'lP0!31ltNOK', 'chef'),
(92, 'ajelkes2j', 'iE3{y|\"vF>\'O%jx', 'chef'),
(93, 'ddunn2k', 'eL7<gZ<ZeIo', 'chef'),
(94, 'aredborn2l', 'gP5+p0,spD', 'chef'),
(95, 'gsandell2m', 'nS5)WyO.O/4', 'chef'),
(96, 'rhedgecock2n', 'sS0|zs392L`', 'chef'),
(97, 'bsedcole2o', 'uN7??Nn!yz@', 'chef'),
(98, 'lmacguffog2p', 'zW1<wDb@p<', 'chef'),
(99, 'mtenniswood2q', 'uY8$PO~c6m<9#x', 'chef'),
(100, 'dkop2r', 'nQ3|`sAK4yD$yGF', 'chef'),
(101, 'dkenworthey0', 'jC0{dbBm9j\"D', 'admin'),
(102, 'hbootyman1', 'sV0\"_c0O<8.q(Xh', 'admin'),
(103, 'imacdunlevy2', 'aH3`9,?~', 'admin'),
(104, 'ljanuszewicz3', 'jC9#iZ&e0%', 'admin'),
(105, 'cmewes4', 'uT7{`(RvFbM%X', 'admin'),
(106, 'ehuyton5', 'zS3?C3vnq', 'admin'),
(107, 'theijne0', 'nR9|WuV/Dx4lR', 'admin'),
(108, 'bklossmann1', 'oJ3_?N7e>1?0|Lm', 'admin'),
(109, 'bpace2', 'qW1{q_GMFnRB', 'admin'),
(110, 'tperrone3', 'yB5`0y/\'', 'admin'),
(111, 'rnorvel4', 'hB6#i1#V!emRL', 'admin'),
(112, 'etrenear5', 'dD5.t|M<', 'admin'),
(113, 'smcreynolds6', 'wO9+CGu6J8*@n', 'admin'),
(114, 'cseagrave7', 'pR7}a}obA0WA', 'admin'),
(115, 'wspray8', 'aU3+,C_AcT', 'admin'),
(116, 'mcranmer9', 'bV2.&\0|U)', 'admin'),
(117, 'inesbetha', 'bK8}6BeC\'>dU', 'admin'),
(118, 'plotteringtonb', 'pW9`Pq\'3P9QhpX?', 'admin'),
(119, 'cattridgec', 'pS4_HAKhjz%', 'admin'),
(120, 'lmartschked', 'vQ2oUJ/bbB', 'admin'),
(121, 'cstoppere', 'lM7$<G9*', 'admin'),
(122, 'kbalchinf', 'zV7\'Em9/p=y#&', 'admin'),
(123, 'gkeslakeg', 'cN2\'7?swUTj}K%(', 'admin'),
(124, 'cbaldinottih', 'sJ6!nWlj0+i', 'admin'),
(125, 'scalvardi', 'bC2_48Ox{', 'admin'),
(126, 'rhubandj', 'wW9_s=Q6', 'admin'),
(127, 'adattek', 'nS1(GYk3n#>H', 'admin'),
(128, 'acarthyl', 'jP6+r5>29Na', 'admin'),
(129, 'bpolleyem', 'kX6{T~S9=@Wzg', 'admin'),
(130, 'kluceyn', 'nV4dASt)?T&r5', 'admin'),
(131, 'mattewo', 'bJ0$R_&p<', 'admin'),
(132, 'aadgerp', 'yI8=R/4\"($4&t!p', 'admin'),
(133, 'jballintimeq', 'aP7@G#Fc$0CC?ni', 'admin'),
(134, 'fskarmanr', 'bA3\"ED)jNS', 'admin'),
(135, 'ctrimmes', 'tU8\'W(8A', 'admin'),
(136, 'jsonnert', 'zK8/9j7x', 'admin'),
(137, 'bgiannoniu', 'cB7~NE<ZF(kPcGj', 'admin'),
(138, 'sfawloev', 'tN8+Xw&Jic', 'admin'),
(139, 'egiovanettiw', 'hQ7&y%pyD4L', 'admin'),
(140, 'gfonzox', 'sS3%{3QhLO~Rc\'s', 'admin'),
(141, 'blozanoy', 'hD4,91`e%(f55M>', 'admin'),
(142, 'kcareswellz', 'hX4>#Qkhw', 'admin'),
(143, 'auzelli10', 'gU5#|G6\'4IRuV=.', 'admin'),
(144, 'sglenfield11', 'hU7#m?{H`', 'admin'),
(145, 'jdamrel12', 'aQ9<qpeHGf', 'admin'),
(146, 'cmattack13', 'hI8#91CE6Iuj,k', 'admin'),
(147, 'vpech14', 'uF0&IZS5%&{', 'admin'),
(148, 'bromaine15', 'wF9_X>\'PD', 'admin'),
(149, 'gwind16', 'oC9!\'gbQFk60', 'admin'),
(150, 'cbrayne17', 'uW6|y7K5v*EPn}n', 'admin'),
(151, 'bskotcher18', 'yI3!u3\"k!j', 'admin');

--
-- Ευρετήρια για άχρηστους πίνακες
--

--
-- Ευρετήρια για πίνακα `admin`
--
ALTER TABLE `admin`
  ADD PRIMARY KEY (`admin_id`),
  ADD KEY `user_id` (`user_id`);

--
-- Ευρετήρια για πίνακα `belongs`
--
ALTER TABLE `belongs`
  ADD PRIMARY KEY (`recipe_id`,`meal_id`),
  ADD KEY `meal_id` (`meal_id`);

--
-- Ευρετήρια για πίνακα `chef`
--
ALTER TABLE `chef`
  ADD PRIMARY KEY (`chef_id`),
  ADD KEY `user_id_fk` (`user_id`);

--
-- Ευρετήρια για πίνακα `choose_chef`
--
ALTER TABLE `choose_chef`
  ADD PRIMARY KEY (`choose_chef_id`),
  ADD KEY `chef_id_fk` (`chef_id`),
  ADD KEY `episode_id` (`episode_id`);

--
-- Ευρετήρια για πίνακα `choose_judge`
--
ALTER TABLE `choose_judge`
  ADD PRIMARY KEY (`choose_judge_id`),
  ADD KEY `judge_id` (`judge_id`),
  ADD KEY `judge_id_2` (`judge_id`),
  ADD KEY `episode_id` (`episode_id`);

--
-- Ευρετήρια για πίνακα `choose_recipe`
--
ALTER TABLE `choose_recipe`
  ADD PRIMARY KEY (`choose_recipe_id`),
  ADD KEY `episode_id` (`episode_id`),
  ADD KEY `recipe_id` (`recipe_id`);

--
-- Ευρετήρια για πίνακα `competition`
--
ALTER TABLE `competition`
  ADD PRIMARY KEY (`competition_id`);

--
-- Ευρετήρια για πίνακα `episode`
--
ALTER TABLE `episode`
  ADD PRIMARY KEY (`episode_id`),
  ADD KEY `competition_id_fk` (`competition_id`);

--
-- Ευρετήρια για πίνακα `equipment`
--
ALTER TABLE `equipment`
  ADD PRIMARY KEY (`equipment_id`);

--
-- Ευρετήρια για πίνακα `food_category`
--
ALTER TABLE `food_category`
  ADD PRIMARY KEY (`category_id`);

--
-- Ευρετήρια για πίνακα `ingredient`
--
ALTER TABLE `ingredient`
  ADD PRIMARY KEY (`ingredient_id`),
  ADD KEY `ingredient_category_fk` (`category_id`);

--
-- Ευρετήρια για πίνακα `judge`
--
ALTER TABLE `judge`
  ADD PRIMARY KEY (`judge_id`);

--
-- Ευρετήρια για πίνακα `meal_type`
--
ALTER TABLE `meal_type`
  ADD PRIMARY KEY (`meal_id`);

--
-- Ευρετήρια για πίνακα `nutritionalinfo`
--
ALTER TABLE `nutritionalinfo`
  ADD PRIMARY KEY (`nutritional_id`),
  ADD KEY `recipe_info_fk` (`recipe_id`);

--
-- Ευρετήρια για πίνακα `recipe`
--
ALTER TABLE `recipe`
  ADD PRIMARY KEY (`recipe_id`);

--
-- Ευρετήρια για πίνακα `recipe_chef`
--
ALTER TABLE `recipe_chef`
  ADD PRIMARY KEY (`recipe_chef_id`),
  ADD KEY `episode_id` (`episode_id`),
  ADD KEY `recipe_id` (`recipe_id`),
  ADD KEY `chef_id` (`chef_id`);

--
-- Ευρετήρια για πίνακα `recipe_equipment`
--
ALTER TABLE `recipe_equipment`
  ADD PRIMARY KEY (`recipe_id`,`equipment_id`),
  ADD KEY `recipe_equipment_ibfk_2` (`equipment_id`);

--
-- Ευρετήρια για πίνακα `recipe_ingredient`
--
ALTER TABLE `recipe_ingredient`
  ADD PRIMARY KEY (`recipe_id`,`ingredient_id`),
  ADD KEY `ingredient_id` (`ingredient_id`);

--
-- Ευρετήρια για πίνακα `recipe_section`
--
ALTER TABLE `recipe_section`
  ADD PRIMARY KEY (`recipe_id`,`section_id`),
  ADD KEY `section_id` (`section_id`);

--
-- Ευρετήρια για πίνακα `recipe_step`
--
ALTER TABLE `recipe_step`
  ADD PRIMARY KEY (`recipe_id`,`step_id`),
  ADD KEY `step_id_fk` (`step_id`);

--
-- Ευρετήρια για πίνακα `recipe_tag`
--
ALTER TABLE `recipe_tag`
  ADD PRIMARY KEY (`recipe_id`,`tag_id`),
  ADD KEY `tag_id` (`tag_id`);

--
-- Ευρετήρια για πίνακα `recipe_tips`
--
ALTER TABLE `recipe_tips`
  ADD PRIMARY KEY (`recipe_id`,`tips_id`),
  ADD KEY `tips_id` (`tips_id`);

--
-- Ευρετήρια για πίνακα `scoring`
--
ALTER TABLE `scoring`
  ADD PRIMARY KEY (`scoring_id`),
  ADD KEY `judge_id` (`judge_id`),
  ADD KEY `recipe_chef_id` (`recipe_chef_id`);

--
-- Ευρετήρια για πίνακα `section`
--
ALTER TABLE `section`
  ADD PRIMARY KEY (`section_id`);

--
-- Ευρετήρια για πίνακα `step`
--
ALTER TABLE `step`
  ADD PRIMARY KEY (`step_id`);

--
-- Ευρετήρια για πίνακα `tag`
--
ALTER TABLE `tag`
  ADD PRIMARY KEY (`tag_id`);

--
-- Ευρετήρια για πίνακα `tips`
--
ALTER TABLE `tips`
  ADD PRIMARY KEY (`tips_id`);

--
-- Ευρετήρια για πίνακα `user`
--
ALTER TABLE `user`
  ADD PRIMARY KEY (`user_id`);

--
-- AUTO_INCREMENT για άχρηστους πίνακες
--

--
-- AUTO_INCREMENT για πίνακα `choose_chef`
--
ALTER TABLE `choose_chef`
  MODIFY `choose_chef_id` int(11) NOT NULL AUTO_INCREMENT, AUTO_INCREMENT=6437;

--
-- AUTO_INCREMENT για πίνακα `choose_judge`
--
ALTER TABLE `choose_judge`
  MODIFY `choose_judge_id` int(11) NOT NULL AUTO_INCREMENT, AUTO_INCREMENT=718;

--
-- AUTO_INCREMENT για πίνακα `choose_recipe`
--
ALTER TABLE `choose_recipe`
  MODIFY `choose_recipe_id` int(11) NOT NULL AUTO_INCREMENT, AUTO_INCREMENT=993;

--
-- AUTO_INCREMENT για πίνακα `recipe_chef`
--
ALTER TABLE `recipe_chef`
  MODIFY `recipe_chef_id` int(11) NOT NULL AUTO_INCREMENT, AUTO_INCREMENT=1024;

--
-- AUTO_INCREMENT για πίνακα `scoring`
--
ALTER TABLE `scoring`
  MODIFY `scoring_id` int(11) NOT NULL AUTO_INCREMENT, AUTO_INCREMENT=4096;

--
-- Περιορισμοί για άχρηστους πίνακες
--

--
-- Περιορισμοί για πίνακα `admin`
--
ALTER TABLE `admin`
  ADD CONSTRAINT `user_id` FOREIGN KEY (`user_id`) REFERENCES `user` (`user_id`) ON UPDATE CASCADE;

--
-- Περιορισμοί για πίνακα `belongs`
--
ALTER TABLE `belongs`
  ADD CONSTRAINT `belongs_ibfk_1` FOREIGN KEY (`recipe_id`) REFERENCES `recipe` (`recipe_id`) ON UPDATE CASCADE,
  ADD CONSTRAINT `belongs_ibfk_2` FOREIGN KEY (`meal_id`) REFERENCES `meal_type` (`meal_id`);

--
-- Περιορισμοί για πίνακα `chef`
--
ALTER TABLE `chef`
  ADD CONSTRAINT `user_id_fk` FOREIGN KEY (`user_id`) REFERENCES `user` (`user_id`) ON UPDATE CASCADE;

--
-- Περιορισμοί για πίνακα `choose_chef`
--
ALTER TABLE `choose_chef`
  ADD CONSTRAINT `chef_id_fk` FOREIGN KEY (`chef_id`) REFERENCES `chef` (`chef_id`) ON UPDATE CASCADE,
  ADD CONSTRAINT `episode_id_fk` FOREIGN KEY (`episode_id`) REFERENCES `episode` (`episode_id`) ON UPDATE CASCADE;

--
-- Περιορισμοί για πίνακα `choose_judge`
--
ALTER TABLE `choose_judge`
  ADD CONSTRAINT `choose_judge_ibfk_1` FOREIGN KEY (`episode_id`) REFERENCES `episode` (`episode_id`) ON UPDATE CASCADE,
  ADD CONSTRAINT `choose_judge_ibfk_2` FOREIGN KEY (`judge_id`) REFERENCES `judge` (`judge_id`) ON UPDATE CASCADE;

--
-- Περιορισμοί για πίνακα `choose_recipe`
--
ALTER TABLE `choose_recipe`
  ADD CONSTRAINT `choose_recipe_ibfk_1` FOREIGN KEY (`recipe_id`) REFERENCES `recipe` (`recipe_id`) ON UPDATE CASCADE,
  ADD CONSTRAINT `choose_recipe_ibfk_2` FOREIGN KEY (`episode_id`) REFERENCES `episode` (`episode_id`) ON UPDATE CASCADE;

--
-- Περιορισμοί για πίνακα `episode`
--
ALTER TABLE `episode`
  ADD CONSTRAINT `competition_id_fk` FOREIGN KEY (`competition_id`) REFERENCES `competition` (`competition_id`) ON UPDATE CASCADE;

--
-- Περιορισμοί για πίνακα `ingredient`
--
ALTER TABLE `ingredient`
  ADD CONSTRAINT `ingredient_category_fk` FOREIGN KEY (`category_id`) REFERENCES `food_category` (`category_id`) ON UPDATE CASCADE;

--
-- Περιορισμοί για πίνακα `nutritionalinfo`
--
ALTER TABLE `nutritionalinfo`
  ADD CONSTRAINT `recipe_info_fk` FOREIGN KEY (`recipe_id`) REFERENCES `recipe` (`recipe_id`) ON UPDATE CASCADE;

--
-- Περιορισμοί για πίνακα `recipe_chef`
--
ALTER TABLE `recipe_chef`
  ADD CONSTRAINT `chef_id` FOREIGN KEY (`chef_id`) REFERENCES `chef` (`chef_id`) ON UPDATE CASCADE,
  ADD CONSTRAINT `episode_id` FOREIGN KEY (`episode_id`) REFERENCES `episode` (`episode_id`) ON UPDATE CASCADE,
  ADD CONSTRAINT `recipe_id` FOREIGN KEY (`recipe_id`) REFERENCES `recipe` (`recipe_id`) ON UPDATE CASCADE;

--
-- Περιορισμοί για πίνακα `recipe_equipment`
--
ALTER TABLE `recipe_equipment`
  ADD CONSTRAINT `recipe_equipment_ibfk_1` FOREIGN KEY (`recipe_id`) REFERENCES `recipe` (`recipe_id`),
  ADD CONSTRAINT `recipe_equipment_ibfk_2` FOREIGN KEY (`equipment_id`) REFERENCES `equipment` (`equipment_id`);

--
-- Περιορισμοί για πίνακα `recipe_ingredient`
--
ALTER TABLE `recipe_ingredient`
  ADD CONSTRAINT `recipe_ingredient_ibfk_1` FOREIGN KEY (`recipe_id`) REFERENCES `recipe` (`recipe_id`) ON DELETE CASCADE ON UPDATE CASCADE,
  ADD CONSTRAINT `recipe_ingredient_ibfk_2` FOREIGN KEY (`ingredient_id`) REFERENCES `ingredient` (`ingredient_id`) ON DELETE CASCADE ON UPDATE CASCADE;

--
-- Περιορισμοί για πίνακα `recipe_section`
--
ALTER TABLE `recipe_section`
  ADD CONSTRAINT `recipe_id_fk` FOREIGN KEY (`recipe_id`) REFERENCES `recipe` (`recipe_id`),
  ADD CONSTRAINT `section_id` FOREIGN KEY (`section_id`) REFERENCES `section` (`section_id`);

--
-- Περιορισμοί για πίνακα `recipe_step`
--
ALTER TABLE `recipe_step`
  ADD CONSTRAINT `recipe_step_ibfk_1` FOREIGN KEY (`recipe_id`) REFERENCES `recipe` (`recipe_id`) ON UPDATE CASCADE,
  ADD CONSTRAINT `recipe_step_ibfk_2` FOREIGN KEY (`step_id`) REFERENCES `step` (`step_id`) ON UPDATE CASCADE;

--
-- Περιορισμοί για πίνακα `recipe_tag`
--
ALTER TABLE `recipe_tag`
  ADD CONSTRAINT `recipe_tag_ibfk_1` FOREIGN KEY (`recipe_id`) REFERENCES `recipe` (`recipe_id`) ON DELETE CASCADE ON UPDATE CASCADE,
  ADD CONSTRAINT `recipe_tag_ibfk_2` FOREIGN KEY (`tag_id`) REFERENCES `tag` (`tag_id`) ON DELETE CASCADE ON UPDATE CASCADE;

--
-- Περιορισμοί για πίνακα `recipe_tips`
--
ALTER TABLE `recipe_tips`
  ADD CONSTRAINT `recipe_tips_ibfk_1` FOREIGN KEY (`tips_id`) REFERENCES `tips` (`tips_id`) ON DELETE CASCADE ON UPDATE CASCADE,
  ADD CONSTRAINT `recipe_tips_ibfk_2` FOREIGN KEY (`recipe_id`) REFERENCES `recipe` (`recipe_id`) ON DELETE CASCADE ON UPDATE CASCADE;

--
-- Περιορισμοί για πίνακα `scoring`
--
ALTER TABLE `scoring`
  ADD CONSTRAINT `scoring_ibfk_1` FOREIGN KEY (`recipe_chef_id`) REFERENCES `recipe_chef` (`recipe_chef_id`) ON DELETE CASCADE ON UPDATE CASCADE,
  ADD CONSTRAINT `scoring_ibfk_2` FOREIGN KEY (`judge_id`) REFERENCES `judge` (`judge_id`) ON UPDATE CASCADE;
COMMIT;

/*!40101 SET CHARACTER_SET_CLIENT=@OLD_CHARACTER_SET_CLIENT */;
/*!40101 SET CHARACTER_SET_RESULTS=@OLD_CHARACTER_SET_RESULTS */;
/*!40101 SET COLLATION_CONNECTION=@OLD_COLLATION_CONNECTION */;
